variables,BK72 Williamsburg,BK73 North Side-South Side,BK76 Greenpoint,BK90 East Williamsburg,BK09 Brooklyn Heights-Cobble Hill,BK38 DUMBO-Vinegar Hill-Downtown Brooklyn-Boerum Hill,BK68 Fort Greene,BK69 Clinton Hill,BK35 Stuyvesant Heights,BK75 Bedford,BK77 Bushwick North,BK78 Bushwick South,BK99 park-cemetery-etc-Brooklyn,BK82 East New York,BK83 Cypress Hills-City Line,BK93 Starrett City,BK33 Carroll Gardens-Columbia Street-Red Hook,BK37 Park Slope-Gowanus,BK32 Sunset Park West,BK34 Sunset Park East,BK40 Windsor Terrace,BK61 Crown Heights North,BK64 Prospect Heights,BK60 Prospect Lefferts Gardens-Wingate,BK63 Crown Heights South,BK30 Dyker Heights,BK31 Bay Ridge,BK27 Bath Beach,BK28 Bensonhurst West,BK29 Bensonhurst East,BK41 Kensington-Ocean Parkway,BK46 Ocean Parkway South,BK88 Borough Park,BK19 Brighton Beach,BK21 Seagate-Coney Island,BK23 West Brighton,BK26 Gravesend,BK42 Flatbush,BK43 Midwood,BK17 Sheepshead Bay-Gerritsen Beach-Manhattan Bch,BK25 Homecrest,BK44 Madison,BK79 Ocean Hill,BK81 Brownsville,BK85 East New York (Pennsylvania Ave),BK91 East Flatbush-Farragut,BK95 Erasmus,BK96 Rugby-Remsen Village,BK45 Georgetown-Marine Park-Bergen Beach-Mill Basin,BK50 Canarsie,BK58 Flatlands,BX27 Hunts Point,BX33 Longwood,BX34 Melrose South-Mott Haven North,BX39 Mott Haven-Port Morris,BX98 Rikers Island1,BX01 Claremont-Bathgate,BX06 Belmont,BX17 East Tremont,BX35 Morrisania-Melrose,BX75 Crotona Park East,BX14 East Concourse-Concourse Village,BX26 Highbridge,BX63 West Concourse,BX36 University Heights-Morris Heights,BX40 Fordham South,BX41 Mount Hope,BX05 Bedford Park-Fordham North,BX30 Kingsbridge Heights,BX43 Norwood,BX22 North Riverdale-Fieldston-Riverdale,BX28 Van Cortlandt Village,BX29 Spuyten Duyvil-Kingsbridge,BX08 West Farms-Bronx River,BX09 Soundview-Castle Hill-Clason Point-Harding Park,BX46 Parkchester,BX55 Soundview-Bruckner,BX59 Westchester-Unionport,BX10 Pelham Bay-Country Club-City Island,BX13 Co-op City,BX52 Schuylerville-Throgs Neck-Edgewater Park,BX07 Bronxdale,BX31 Allerton-Pelham Gardens,BX37 Van Nest-Morris Park-Westchester Square,BX49 Pelham Parkway,BX03 Eastchester-Edenwald-Baychester,BX44 Williamsbridge-Olinville,BX62 Woodlawn-Wakefield,BX99 park-cemetery-etc-Bronx,MN23 West Village,MN24 SoHo-TriBeCa-Civic Center-Little Italy,MN25 Battery Park City-Lower Manhattan,MN22 East Village,MN27 Chinatown,MN28 Lower East Side,MN13 Hudson Yards-Chelsea-Flat Iron-Union Square,MN15 Clinton,MN17 Midtown-Midtown South,MN19 Turtle Bay-East Midtown,MN20 Murray Hill-Kips Bay,MN21 Gramercy,MN50 Stuyvesant Town-Cooper Village,MN12 Upper West Side,MN14 Lincoln Square,MN31 Lenox Hill-Roosevelt Island,MN32 Yorkville,MN40 Upper East Side-Carnegie Hill,MN04 Hamilton Heights,MN06 Manhattanville,MN09 Morningside Heights,MN03 Central Harlem North-Polo Grounds,MN11 Central Harlem South,MN33 East Harlem South,MN34 East Harlem North,MN01 Marble Hill2-Inwood,MN35 Washington Heights North,MN36 Washington Heights South,MN99 park-cemetery-etc-Manhattan,QN68 Queensbridge-Ravenswood-Long Island City,QN70 Astoria,QN71 Old Astoria,QN72 Steinway,QN99 park-cemetery-etc-Queens,QN31 Hunters Point-Sunnyside-West Maspeth,QN50 Elmhurst-Maspeth,QN63 Woodside,QN26 North Corona,QN27 East Elmhurst,QN28 Jackson Heights,QN98 Airport,QN25 Corona,QN29 Elmhurst,QN19 Glendale,QN20 Ridgewood,QN21 Middle Village,QN30 Maspeth,QN17 Forest Hills,QN18 Rego Park,QN22 Flushing,QN23 College Point,QN47 Ft. Totten-Bay Terrace-Clearview,QN49 Whitestone,QN51 Murray Hill,QN52 East Flushing,QN62 Queensboro Hill,QN06 Jamaica Estates-Holliswood,QN35 Briarwood-Jamaica Hills,QN37 Kew Gardens Hills,QN38 Pomonok-Flushing Heights-Hillcrest,QN41 Fresh Meadows-Utopia,QN53 Woodhaven,QN54 Richmond Hill,QN60 Kew Gardens,QN55 South Ozone Park,QN56 Ozone Park,QN57 Lindenwood-Howard Beach,QN42 Oakland Gardens,QN45 Douglas Manor-Douglaston-Little Neck,QN46 Bayside-Bayside Hills,QN48 Auburndale,QN01 South Jamaica,QN02 Springfield Gardens North,QN07 Hollis,QN08 St. Albans,QN61 Jamaica,QN76 Baisley Park,QN03 Springfield Gardens South-Brookville,QN05 Rosedale,QN33 Cambria Heights,QN34 Queens Village,QN43 Bellerose,QN44 Glen Oaks-Floral Park-New Hyde Park,QN66 Laurelton,QN10 Breezy Point-Belle Harbor-Rockaway Park-Broad Channel,QN12 Hammels-Arverne-Edgemere,QN15 Far Rockaway-Bayswater,SI07 Westerleigh,SI08 Grymes Hill-Clifton-Fox Hills,SI12 Mariner's Harbor-Arlington-Port Ivory-Graniteville,SI22 West New Brighton-New Brighton-St. George,SI28 Port Richmond,SI35 New Brighton-Silver Lake,SI37 Stapleton-Rosebank,SI05 New Springville-Bloomfield-Travis,SI14 Grasmere-Arrochar-Ft. Wadsworth,SI24 Todt Hill-Emerson Hill-Heartland Village-Lighthouse Hill,SI36 Old Town-Dongan Hills-South Beach,SI45 New Dorp-Midland Beach,SI01 Annadale-Huguenot-Prince's Bay-Eltingville,SI11 Charleston-Richmond Valley-Tottenville,SI25 Oakwood-Oakwood Beach,SI32 Rossville-Woodrow,SI48 Arden Heights,SI54 Great Kills,SI99 park-cemetery-etc-Staten Island
Total population,32828,46070,31522,33155,23498,35373,26982,36413,64331,70095,61817,71247,416,91956,47526,12822,39422,72864,54932,71460,22571,100130,20449,69397,41243,45216,83821,29311,86592,61066,36199,19541,106203,31584,30018,15472,27759,105094,51514,61584,41899,40001,31831,55412,29854,52657,29933,56277,48351,86160,70872,27562,25542,39020,52132,9741,30715,25783,41871,37872,20352,63504,37065,39680,53944,26336,52237,52591,30599,41217,26839,49715,29848,35325,53800,30376,35886,27483,26139,44304,46104,33728,33404,30098,30191,36676,61503,45805,1377,67185,40059,37506,43755,46550,74243,69299,42931,28228,48393,49515,26075,21864,135718,60205,81378,77676,58834,51527,23845,54326,78193,46694,59794,60465,50358,71085,89551,1483,18539,75149,26470,49001,438,60575,25088,45259,50295,23070,105188,0,54091,84904,31750,70166,39062,27677,84694,27500,69382,24199,22943,32331,51509,27943,20989,25067,38449,36683,33532,18177,59550,65199,22878,80046,22136,28769,28097,25619,45522,20684,36864,26959,21520,51098,50922,34293,19901,28201,20212,57549,25964,22427,25141,29543,35500,50294,24202,23858,30473,31214,19240,18310,25635,39517,14775,31931,24999,21208,28727,24083,22038,19938,24799,43427,0
  Male,16820,22290,15499,15587,11805,17227,11367,17412,28872,33241,31752,33944,180,40807,22721,4442,18464,34912,29432,36563,10698,44442,9720,31645,19627,22395,39949,14421,41882,30046,17737,9573,54766,14495,13849,6552,12635,48046,25512,28670,20742,19269,14343,22458,13076,23220,13695,25251,23370,38598,32144,13202,11721,17157,25356,8821,13919,12173,18907,17261,9505,30751,17461,18695,25476,11876,25515,24990,13741,19023,12747,22577,14091,17175,23977,14394,17126,12736,12231,19239,22319,16080,16059,14583,14417,16439,27457,20888,643,31731,20130,18720,21488,23206,34965,34899,22368,14044,22234,22559,11367,9646,62611,28883,36340,33428,26419,24592,11266,23401,36230,21442,28418,27272,24812,33353,44204,1216,8552,37003,13485,24114,196,29889,12415,22708,28493,12001,53569,0,27524,43582,15226,34551,18654,13585,38378,13096,33208,12281,10668,15482,24824,13333,10284,11174,19158,17624,15867,8605,29264,32293,11240,38893,10746,13020,13683,12681,21714,10047,16880,11295,9675,23386,25103,16029,9221,12209,9274,27844,12986,10254,10978,14356,16469,23253,11971,10469,14153,15078,9374,9334,12697,18784,6848,15087,12235,10290,14589,12491,10428,9766,12124,21259,0
  Female,16008,23780,16023,17568,11693,18146,15615,19001,35459,36854,30065,37303,236,51149,24805,8380,20958,37952,25500,34897,11873,55688,10729,37752,21616,22821,43872,14890,44710,31020,18462,9968,51437,17089,16169,8920,15124,57048,26002,32914,21157,20732,17488,32954,16778,29437,16238,31026,24981,47562,38728,14360,13821,21863,26776,920,16796,13610,22964,20611,10847,32753,19604,20985,28468,14460,26722,27601,16858,22194,14092,27138,15757,18150,29823,15982,18760,14747,13908,25065,23785,17648,17345,15515,15774,20237,34046,24917,734,35454,19929,18786,22267,23344,39278,34400,20563,14184,26159,26956,14708,12218,73107,31322,45038,44248,32415,26935,12579,30925,41963,25252,31376,33193,25546,37732,45347,267,9987,38146,12985,24887,242,30686,12673,22551,21802,11069,51619,0,26567,41322,16524,35615,20408,14092,46316,14404,36174,11918,12275,16849,26685,14610,10705,13893,19291,19059,17665,9572,30286,32906,11638,41153,11390,15749,14414,12938,23808,10637,19984,15664,11845,27712,25819,18264,10680,15992,10938,29705,12978,12173,14163,15187,19031,27041,12231,13389,16320,16136,9866,8976,12938,20733,7927,16844,12764,10918,14138,11592,11610,10172,12675,22168,0
  Under 5 years,6163,3017,937,1341,1538,2145,1640,2191,4878,7277,4902,4585,28,7596,3983,626,2398,4946,4340,5474,1689,6469,1213,4835,2953,2707,5244,1807,5091,3327,2914,1663,13731,1566,1349,371,1436,7472,3812,3139,2598,2414,2660,4920,2686,3069,2105,3890,3612,5005,4304,2377,2321,3527,4645,0,2605,2145,3541,3045,2170,4862,2983,3568,4263,2852,4405,4280,1816,4087,1634,3331,2101,3281,3278,2274,3072,2016,1108,1769,2308,2123,1758,2359,2237,2295,4965,3130,136,2200,2096,2430,892,1618,3205,2758,1163,888,1935,1890,661,571,7515,4608,4997,3658,2771,2926,1320,1815,4467,3477,3432,4231,3203,3761,4794,0,1128,2968,1492,2244,24,3345,1267,2417,4500,1741,6142,0,4115,5046,1946,5407,1601,1733,4787,1687,3025,1499,1077,2088,2850,1336,1180,1212,2403,3095,1942,1216,4573,3708,1349,4516,1657,1377,1762,1262,2257,1445,2652,1465,1165,2914,3799,2093,1313,2087,896,2974,1606,1004,1124,1535,2756,4966,1450,1838,2230,2577,1774,1127,1379,2308,909,1482,1288,1509,1303,1494,1201,1019,1202,2181,0
  5 to 9 years,3773,2480,878,913,543,2038,1200,1762,4337,5714,4077,5066,25,7463,3421,878,2346,3355,3811,5107,989,5193,878,4474,3246,2463,4870,1686,4671,3453,2508,1582,11024,1534,1691,375,1259,6855,3521,2918,2791,2448,2347,4133,2553,3034,2090,3048,3844,5857,4380,2076,2298,4167,4210,0,2769,2206,3477,2940,1727,4631,3589,3083,3967,2409,3813,3995,2227,2774,1260,3232,1287,2360,3542,2045,2523,1915,1068,2185,2893,2090,1987,1966,1597,2650,4057,2530,123,1775,1332,1402,739,1933,2898,1903,708,344,888,1079,430,679,6065,1876,2723,2408,3028,2814,1336,1424,4553,2583,2704,3780,2730,3034,4400,0,1313,2710,959,1795,19,2385,1304,2307,3489,1442,5182,0,3906,4291,1647,4107,2230,1472,4193,1039,2908,1415,771,1774,2381,1479,1392,1098,1743,2387,1738,1071,4112,4361,878,4454,1210,1722,1609,1105,1993,741,2451,1684,988,3179,3278,2232,1394,2098,815,3078,1450,940,1519,1954,2650,3648,1201,1887,1919,2319,1431,1253,1696,2048,977,1513,1235,1299,1522,1965,1196,1612,1406,2769,0
  10 to 14 years,3620,2315,914,1342,547,1487,1285,1290,4312,5326,3684,5144,45,7391,3296,605,1936,2875,3016,4304,986,6597,545,3472,3317,2482,3981,1515,5017,2910,2704,1400,9717,1224,1666,355,1494,6727,3701,3236,3010,1977,2870,4816,2678,3207,1879,3435,2896,5678,4885,2863,2422,3425,3835,0,2396,1675,3500,3201,1850,4689,2917,3640,4233,2212,3756,4273,2038,3221,1178,3167,1534,2555,3752,1784,2916,2091,1208,2491,3059,1975,2534,2181,1571,2814,4894,2973,76,1267,1266,692,607,1884,3369,1140,590,335,622,848,332,479,4775,1461,1591,2308,3300,3069,1524,1476,4731,2597,3398,4588,3282,3793,3964,3,1464,2776,1075,1932,18,2112,1092,2238,2610,1320,5310,0,2996,4439,2071,4365,2146,1522,3335,1068,2877,1403,994,1917,1922,1206,1143,1334,1432,2312,2097,1224,3756,4697,930,5458,1568,1415,1560,1548,2844,1058,2943,2010,1228,3431,3167,2374,1548,2056,891,3458,1608,1108,1724,1867,2989,3789,1681,1533,2564,2063,1159,1289,1482,2848,887,2031,1350,1151,2146,1682,1330,1370,1647,2847,0
  15 to 19 years,3279,2361,879,1460,1109,1448,1521,1911,4478,5255,4930,5310,30,8228,4415,757,1595,2649,3040,4618,769,7507,660,4338,2827,2559,4670,1227,5283,3035,2543,1648,8580,1643,2707,342,1583,7755,3869,3127,2715,2544,2477,4976,2928,3525,2303,3757,3071,7308,5289,2222,2363,2800,4930,1475,3303,3139,4179,3738,2030,5319,3331,3082,4940,2604,5049,4087,2143,2725,2110,3754,1368,2551,4732,1569,2848,2862,1428,2729,3213,2466,2239,1996,1483,3788,4869,3207,101,3534,1227,1165,3751,2010,4325,1994,934,1326,539,1361,988,213,4084,1815,1518,1214,2136,3360,1717,6442,5742,2684,4465,4914,3036,4716,5546,8,1324,3052,1526,2004,28,2369,1263,2164,2824,1566,6407,0,3843,4720,1975,4653,1934,1398,3219,1036,3834,1482,1249,1793,2461,1244,1325,1343,2448,1888,3187,821,4575,5145,1155,5908,1369,1392,1255,1568,2603,1173,3211,1799,1675,3655,3155,3211,1175,2282,1599,4374,1819,974,1866,1651,3056,3573,1449,2453,2703,2581,1260,1279,1825,2433,711,2220,1469,1295,1898,1548,1241,1007,2034,2927,0
  20 to 24 years,3064,4123,2653,3038,1464,2276,2329,4569,5326,6497,6965,6751,37,7706,4627,1125,1883,4557,4887,6055,1811,7484,1174,5724,4298,3206,4917,1825,5894,3814,2562,1576,8122,1965,2150,611,1590,8663,4038,3625,2688,2532,2467,4442,2817,3728,2290,3987,2820,6933,5760,2505,1988,3754,4731,2051,3091,4027,3995,3243,1452,5274,2782,2901,5142,2230,4468,4111,2709,3578,2198,4447,1506,3031,4439,1749,3042,1811,1367,2751,3505,2354,2351,2258,1912,2816,4512,3599,54,4984,4130,3989,5723,4109,5506,5256,4172,2809,3815,6779,2682,3310,6682,2452,4786,4898,2144,4695,2526,8937,6873,3946,5410,5888,3934,7048,8742,49,1681,6372,2622,3733,26,4276,1467,3294,5171,1917,8405,0,4154,7048,2304,5819,2026,1729,3497,1398,4556,1591,1265,1646,3257,2055,1409,1640,2714,2895,2824,1288,4906,5325,1479,6953,1851,1392,1287,1184,2529,1268,2779,1665,2034,3749,3412,2686,1865,2123,1475,4665,1492,1025,1514,1212,2622,4108,1340,2498,2585,2103,1328,1232,2116,2061,941,2047,2052,1351,2142,1512,1084,1205,1377,2627,0
  25 to 34 years,3960,13445,10463,9522,5809,8988,6268,8290,10603,12341,13567,14537,120,12579,6811,1342,9184,19019,12509,13777,3841,18898,5861,11533,5829,6835,14136,4569,13943,9512,6184,2382,15161,4053,2947,1108,3580,16322,6627,7723,5729,4919,4525,8129,4050,8143,4677,7788,6093,11685,9372,4746,3964,6486,7543,2668,4214,3284,5572,5556,2828,9679,5724,6143,8102,3929,7709,8646,5129,7427,2814,7302,4163,6467,6928,4837,5345,4062,3701,4241,5895,5438,3804,4868,5119,4534,8393,6428,213,18428,10505,11947,12686,8947,12315,17835,12188,8006,12166,14739,8091,4700,25627,11904,21165,20268,6725,10552,4619,11797,13035,9300,11246,10306,8269,12389,17365,340,2897,19363,6588,12344,47,15344,4933,9394,11788,4243,17538,0,9410,16362,4801,12823,4620,4066,14268,5222,10275,3428,2311,3981,8194,4305,3203,2798,6944,5738,3677,2608,9283,9851,4674,11372,3143,3300,3697,2861,6258,2801,5205,3547,3033,6476,8064,4493,2960,3921,2122,7950,4047,3217,2891,2749,4337,7624,2472,3731,4475,4530,3137,2408,3998,4871,2157,3060,3543,2380,3095,2976,2593,2671,3187,4632,0
  35 to 44 years,2416,7162,4465,4605,4242,6349,4293,6195,9019,9768,9016,9218,20,12456,7035,1537,7377,13091,7813,10606,4085,13501,3966,9259,4935,6188,12637,4277,11443,8710,5135,1874,10136,3549,3103,1603,3272,15095,6337,8074,5286,4837,4479,6526,3918,6842,4142,7452,6382,11590,8553,3557,3082,4218,7224,1887,3842,3332,5275,5060,2459,8452,5096,6091,6858,3656,7378,7584,4491,6080,3283,6488,4433,4169,6845,5103,4288,4570,3580,5378,6263,4366,4475,3902,4427,4378,8742,6472,220,10167,6104,6710,6280,7403,9964,13579,7558,4441,6909,6709,4351,2469,20818,10631,13111,12783,7473,7629,3275,5301,11705,7284,7904,7582,7647,9041,12827,291,2777,11800,4242,7178,20,10886,4354,7566,9364,3774,16273,0,8296,13914,4365,10554,6096,4414,13198,3873,10769,3899,2763,4091,7528,4154,2818,3182,5433,4271,4363,2465,8900,9683,3044,11807,3214,3646,3928,3097,6025,2810,5215,3930,3046,6926,8291,5085,2622,3425,2664,8477,3310,2390,3220,3973,4415,5518,3876,2805,4378,4170,2577,2319,3429,5092,1809,4202,3160,3142,4019,4070,3232,2951,3888,6524,0
  45 to 54 years,2161,4860,4068,3482,2564,4529,2867,3367,8682,7375,6732,8255,60,11454,6652,1592,4576,8752,6513,9409,3175,13745,2352,8811,5182,6205,11878,3605,11884,8291,4191,2251,10000,4987,4311,2031,3540,15188,5967,9328,5312,6507,4800,6965,3664,7232,4238,8423,6799,13843,10658,2975,3097,4282,6359,1281,4279,2407,5255,4711,2536,8361,4771,5098,7731,3196,7764,7444,3818,4681,3525,7166,3624,4846,7326,4361,4626,3353,4034,7427,6220,4883,4676,3972,4064,5616,8453,6232,146,7752,4109,4229,5097,6158,10600,9459,6096,3209,6121,5443,3157,2469,19450,7381,9023,8920,8478,6653,2734,6071,10842,6449,7514,6800,7741,9486,11477,402,2477,9419,3227,6166,89,7535,3580,5468,5034,2878,16298,0,6826,11870,4614,9052,5906,4091,11880,3671,11382,3194,3750,5193,8089,4579,3571,4557,5465,4708,4835,2973,8452,9707,3058,12454,3523,3974,4470,4552,7765,3214,4857,3640,3278,8342,7096,4760,3167,4360,3418,8551,4331,3107,3965,4730,5358,5545,3893,3107,4378,4445,2475,2856,3799,5964,2220,5158,3654,3718,4880,3959,3025,2926,3705,7139,0
  55 to 59 years,1306,1684,2045,1575,1446,1339,1169,1850,3422,2597,2529,3388,23,4514,2319,587,2333,3972,2741,3624,1701,4898,1286,4463,2627,2817,5109,1771,5197,4131,1673,1227,4855,2060,1958,1181,1883,6084,3105,4690,2616,3057,1080,2554,1547,3757,1635,3690,3289,5721,5255,1029,1007,1461,2103,227,1317,847,2138,2118,932,3404,1724,2084,3050,913,2471,2393,1510,1679,1671,3128,1937,1733,3613,1931,1872,1196,1799,3285,3294,2341,2010,1729,1766,2410,3219,2913,116,3859,2343,1172,2250,2186,4423,4331,2880,1826,2955,2231,1208,1702,9603,3803,4207,5242,3835,2429,1138,2558,4688,2703,3151,3146,3271,4420,5603,190,1026,3756,1239,2634,27,3383,1448,2455,1707,1170,6446,0,2973,4590,2082,4344,2552,1914,5720,2130,4949,1507,1631,1987,3542,1834,1334,1867,3016,2496,2408,1064,3260,4043,1566,5536,1319,2227,2306,1869,3246,1359,1788,1445,1294,2889,3323,1992,993,1877,1392,4216,1741,1703,1713,2277,1753,2644,1634,959,1537,1538,1098,1336,1872,3072,1082,2528,1704,1275,2093,1301,1301,1476,1776,2999,0
  60 to 64 years,987,1405,1519,1450,1355,1505,1373,1704,3064,2716,1826,2754,11,3982,1618,495,1666,3637,1867,2727,951,4710,877,3868,2012,2483,4645,1780,4925,3677,2088,1306,4934,2235,1965,1529,1881,5079,3523,4264,2186,2810,974,2489,1051,3247,1525,3601,2921,4656,3985,939,803,1621,1854,96,781,750,1570,1289,638,2396,1527,1603,2238,844,1794,2031,1482,1363,1450,2218,1992,1331,2571,1334,1734,1322,1521,2714,2387,1469,1905,1435,1574,1723,2651,2690,83,4291,2501,1400,1579,3109,4761,3497,1987,1647,3316,2415,1102,1492,8576,4117,4743,3942,4350,2035,1001,2362,2906,1878,3176,2541,2373,4058,4357,94,835,3168,822,2536,17,2798,1476,2516,1199,839,5326,0,2264,3625,1677,2817,2678,1814,5407,1893,3793,1440,1522,2100,3074,1457,1127,1541,1789,1823,1880,862,2704,3359,1568,3701,966,1893,1775,1827,2855,1496,1556,1679,1236,2815,1992,1704,1028,1516,1345,3003,1416,1625,1811,2286,1588,2065,1472,1145,1302,1606,1024,1016,1089,2646,1094,2367,1407,1229,1867,1073,1548,1434,1996,2825,0
  65 to 74 years,796,1683,1314,2128,1610,1857,1575,1952,3961,3003,2193,3644,0,5293,1937,1370,2056,3531,2287,2919,1261,6357,994,5021,2265,3595,5916,2782,6872,5423,1946,1177,3941,2771,3180,3071,3503,5955,3166,5290,3759,2272,2025,3238,1283,4156,1724,4295,3041,4580,5069,1436,1348,1764,2741,44,1339,1138,1969,1759,1078,3898,1613,1546,2285,870,2311,2496,1542,1943,2399,2834,2524,1726,4177,2057,2219,1146,2120,4805,3681,2206,2444,1824,2244,2310,3874,3174,65,5178,2604,1057,2228,3472,6691,4386,2615,2153,4708,3464,1766,1633,12336,4702,7808,6337,7928,3233,1542,2952,4968,2115,3419,3520,3061,4768,5645,48,960,5191,1439,3272,22,3855,1559,2920,1630,1063,6215,0,2640,5723,2473,3355,3495,1744,6888,2257,5294,1619,2127,2855,4265,2211,1271,2362,2806,2592,2348,1412,2829,3207,1791,4934,1304,3215,2149,2438,3794,1679,2586,2086,1484,3176,3328,2048,1124,1504,2023,3988,1546,1861,2182,2758,2172,3571,1831,960,1363,1903,750,927,1445,3496,1090,2795,2065,1559,2332,1661,2179,1587,1712,3646,0
  75 to 84 years,770,1014,986,1741,854,928,1036,807,1652,1786,1040,2003,17,2182,1237,1457,1422,1724,1429,2247,964,3073,396,2500,1347,2526,4028,1813,4073,3633,1230,965,3565,3020,2175,2043,1818,2808,2451,3703,2382,2883,896,1726,619,2139,838,2147,2455,2306,2338,649,664,1192,1596,12,575,674,1035,880,521,1857,835,678,804,537,1002,901,986,1093,1987,1654,2053,980,1885,1016,817,800,2374,3223,2363,1496,1981,1018,1294,912,2127,1627,27,2883,1242,832,1280,2488,4375,2107,1443,857,3197,1693,946,1226,6859,3734,4070,3916,5058,1542,769,1962,2593,1145,2917,2067,1175,2982,3109,43,498,3330,1004,2280,48,1692,1064,1629,678,765,4052,0,2032,2472,1291,2042,2552,1100,5320,1518,3611,1051,2429,1904,2827,1580,905,1394,1367,1938,1616,729,1462,1442,850,2341,704,2148,1457,1481,1997,1165,1029,1200,691,2496,1556,1064,570,621,1221,2123,1083,1992,1267,1824,1240,2269,1267,599,783,982,841,835,1109,1716,578,1702,1401,873,1124,638,1549,539,599,1770,0
  85 years and over,533,521,401,558,417,484,426,525,597,440,356,592,0,1112,175,451,650,756,679,593,349,1698,247,1099,405,1150,1790,654,2299,1150,521,490,2437,977,816,852,920,1091,1397,2467,827,801,231,498,60,578,487,764,1128,998,1024,188,185,323,361,0,204,159,365,332,131,682,173,163,331,84,317,350,708,566,1330,994,1326,295,712,316,584,339,831,1306,1023,521,1240,590,903,430,747,830,17,867,600,481,643,1233,1811,1054,597,387,1222,864,361,921,3328,1721,1636,1782,1608,590,344,1229,1090,533,1058,1102,636,1589,1722,15,159,1244,235,883,53,595,281,891,301,352,1594,0,636,804,504,828,1226,680,2982,708,2109,671,1054,1002,1119,503,311,739,889,540,617,444,738,671,536,612,308,1068,842,827,1356,475,592,809,368,1050,461,551,142,331,351,692,515,1481,345,727,564,974,636,343,256,397,386,433,396,962,320,826,671,427,306,204,559,141,270,541,0
18 years and over,17130,37026,28194,28943,20492,28932,22202,30518,48066,48544,46296,53355,288,64654,34082,10167,31728,59860,42106,53792,18388,77348,17454,54130,30071,35923,66782,23621,68463,49450,26532,13984,65900,26328,23558,14185,22556,79517,38200,50300,31759,31662,22549,38533,19933,41228,22530,43739,36150,64933,53992,18912,17179,26330,36405,9146,20921,18606,28775,26488,13425,45997,25698,27602,38675,17234,37188,37730,23450,29711,21946,37784,24299,25508,40449,23221,25669,19616,21814,36364,36077,25939,25708,22297,23990,26503,44489,35065,986,61285,34740,32460,41008,39849,62176,62726,39918,26570,44656,45297,24469,19975,114428,51287,70967,68405,47919,40811,18674,48489,60861,36530,48035,44920,39455,57949,73110,1472,14066,65043,22086,41683,368,51282,20768,36831,38119,17715,84830,0,40801,68250,24871,53504,31830,22176,70440,22996,58465,19099,19420,25418,42803,23184,16420,20624,31437,27855,26404,14093,44178,49140,19191,62213,16732,23461,22299,20621,36794,16713,26896,20692,17189,39509,38784,25563,14849,20505,16673,45331,20091,18756,19594,23120,25029,35869,19023,17789,21987,22717,13981,13792,19948,30938,11567,25480,20140,16356,22490,17857,17461,15257,19385,33761,0
  21 years and over,15430,35142,27509,27560,19458,27806,20653,28292,45226,45230,42941,49944,288,59315,31491,9722,30756,58593,40014,50774,17695,73100,16905,50915,28083,34483,64104,22839,65303,47625,24990,12999,61288,25305,21996,13930,21657,74635,35738,48338,30329,30198,20898,35710,18389,39128,21213,41248,34322,60822,50492,17363,15781,24020,33495,7791,18885,14871,26208,24079,12283,42765,23503,25668,35177,15815,34159,35206,21851,27727,19879,35111,23240,23932,37224,22363,23809,18180,21158,34630,33641,24435,24420,20999,22876,24470,41760,33220,922,57415,33262,31270,36929,38492,59257,60547,39030,24898,44191,43861,23532,19583,112627,49986,70009,67836,47344,38471,17637,40922,57463,34764,44737,41692,37477,54495,69636,1464,12973,62903,20953,40538,342,49629,19957,35660,36012,16722,80554,0,38493,65231,23741,50785,30616,21268,68314,22326,55713,18163,18555,24366,41324,22190,15684,19802,29769,26241,23969,13560,41795,46188,18161,58061,16010,22489,21734,19965,35263,16039,25104,19487,16039,37040,36778,23722,14159,19175,15700,42694,19179,18234,18573,22243,23409,33220,18227,15501,20589,21056,13430,13152,18623,29375,11012,24253,19436,15779,21507,17140,16739,14752,18269,32180,0
  62 years and over,2644,4068,3608,5280,3636,4133,3820,4150,7771,6610,4643,7795,28,10638,4311,3575,5118,7986,5527,7138,3100,13735,2174,10926,5415,8720,14408,6319,15702,12323,4850,3445,12515,8081,7240,6688,7215,12513,8947,13890,8121,7441,3657,6846,2405,8595,3929,9121,8236,10565,10571,2891,2615,4132,5888,103,2557,2464,4249,3555,2146,7942,3520,3294,4782,1867,4743,4877,4030,4329,6503,6566,7186,3688,8192,4154,4625,2935,6421,11043,8595,5064,6752,4245,5322,4509,8305,7239,115,11343,6085,3228,5142,8955,15427,9412,5835,4235,10927,7524,3743,4710,28004,12644,16436,14305,17032,6557,3233,7498,10100,4829,9065,8148,6170,11575,12636,140,2099,11612,3111,8052,132,7859,3765,7119,3317,2669,14732,0,6747,11055,5301,7737,8736,4444,18290,5563,13070,4323,6251,6950,9908,5171,3223,5363,6100,6064,5895,3126,6567,7224,3942,9905,2924,7305,5478,5759,8752,4252,5198,5024,3275,8234,6491,4533,2337,3307,4260,8571,4066,6347,4883,6679,4927,8010,4507,2523,3058,4105,2593,2738,3595,7783,2521,6570,4905,3446,4775,3075,5059,3070,3821,7697,0
  65 years and over,2099,3218,2701,4427,2881,3269,3037,3284,6210,5229,3589,6239,17,8587,3349,3278,4128,6011,4395,5759,2574,11128,1637,8620,4017,7271,11734,5249,13244,10206,3697,2632,9943,6768,6171,5966,6241,9854,7014,11460,6968,5956,3152,5462,1962,6873,3049,7206,6624,7884,8431,2273,2197,3279,4698,56,2118,1971,3369,2971,1730,6437,2621,2387,3420,1491,3630,3747,3236,3602,5716,5482,5903,3001,6774,3389,3620,2285,5325,9334,7067,4223,5665,3432,4441,3652,6748,5631,109,8928,4446,2370,4151,7193,12877,7547,4655,3397,9127,6021,3073,3780,22523,10157,13514,12035,14594,5365,2655,6143,8651,3793,7394,6689,4872,9339,10476,106,1617,9765,2678,6435,123,6142,2904,5440,2609,2180,11861,0,5308,8999,4268,6225,7273,3524,15190,4483,11014,3341,5610,5761,8211,4294,2487,4495,5062,5070,4581,2585,5029,5320,3177,7887,2316,6431,4448,4746,7147,3319,4207,4095,2543,6722,5345,3663,1836,2456,3595,6803,3144,5334,3794,5309,3976,6814,3734,1902,2402,3282,1977,2195,2950,6174,1988,5323,4137,2859,3762,2503,4287,2267,2581,5957,0
18 years and over,17130,37026,28194,28943,20492,28932,22202,30518,48066,48544,46296,53355,288,64654,34082,10167,31728,59860,42106,53792,18388,77348,17454,54130,30071,35923,66782,23621,68463,49450,26532,13984,65900,26328,23558,14185,22556,79517,38200,50300,31759,31662,22549,38533,19933,41228,22530,43739,36150,64933,53992,18912,17179,26330,36405,9146,20921,18606,28775,26488,13425,45997,25698,27602,38675,17234,37188,37730,23450,29711,21946,37784,24299,25508,40449,23221,25669,19616,21814,36364,36077,25939,25708,22297,23990,26503,44489,35065,986,61285,34740,32460,41008,39849,62176,62726,39918,26570,44656,45297,24469,19975,114428,51287,70967,68405,47919,40811,18674,48489,60861,36530,48035,44920,39455,57949,73110,1472,14066,65043,22086,41683,368,51282,20768,36831,38119,17715,84830,0,40801,68250,24871,53504,31830,22176,70440,22996,58465,19099,19420,25418,42803,23184,16420,20624,31437,27855,26404,14093,44178,49140,19191,62213,16732,23461,22299,20621,36794,16713,26896,20692,17189,39509,38784,25563,14849,20505,16673,45331,20091,18756,19594,23120,25029,35869,19023,17789,21987,22717,13981,13792,19948,30938,11567,25480,20140,16356,22490,17857,17461,15257,19385,33761,0
  Male,8387,17899,13775,13189,10230,13593,9250,14427,21012,22033,23777,24576,134,26896,15788,3083,14435,28459,22821,27072,8631,33383,8127,23351,13839,17526,31328,11367,33100,24106,12861,6943,33195,11881,10632,5891,10315,35651,18392,22838,15612,15191,9737,13839,8234,17892,9693,18576,16650,28242,24245,8902,7345,10495,16973,8226,8718,8389,12056,11602,5964,21698,11662,12736,17802,7316,17593,17576,10390,13157,10305,16742,11130,12073,16980,10708,12216,9024,10153,15535,17240,12038,11896,10712,10931,11300,19027,15376,423,28762,17081,15801,20120,19663,28962,31888,20669,13382,20216,20601,10689,8718,52128,24121,31132,29023,21173,19196,8640,20591,27156,16112,22084,19059,19000,26494,36476,1208,6364,31748,11304,20070,145,25474,10366,18256,22133,9295,43355,0,20763,35164,11298,26231,14784,10825,31858,10494,27385,9337,8884,12030,20312,11025,8236,8868,15484,13087,12524,6527,21089,24519,9282,29860,8235,10496,10382,9743,17274,7909,11843,8455,7783,17221,18536,11449,6465,8516,7494,21553,9920,8326,8072,11010,10776,16031,9065,7539,9955,10591,6767,6855,10008,14560,5340,11885,9713,7576,11142,9386,8140,7309,9569,15877,0
  Female,8743,19127,14419,15754,10262,15339,12952,16091,27054,26511,22519,28779,154,37758,18294,7084,17293,31401,19285,26720,9757,43965,9327,30779,16232,18397,35454,12254,35363,25344,13671,7041,32705,14447,12926,8294,12241,43866,19808,27462,16147,16471,12812,24694,11699,23336,12837,25163,19500,36691,29747,10010,9834,15835,19432,920,12203,10217,16719,14886,7461,24299,14036,14866,20873,9918,19595,20154,13060,16554,11641,21042,13169,13435,23469,12513,13453,10592,11661,20829,18837,13901,13812,11585,13059,15203,25462,19689,563,32523,17659,16659,20888,20186,33214,30838,19249,13188,24440,24696,13780,11257,62300,27166,39835,39382,26746,21615,10034,27898,33705,20418,25951,25861,20455,31455,36634,264,7702,33295,10782,21613,223,25808,10402,18575,15986,8420,41475,0,20038,33086,13573,27273,17046,11351,38582,12502,31080,9762,10536,13388,22491,12159,8184,11756,15953,14768,13880,7566,23089,24621,9909,32353,8497,12965,11917,10878,19520,8804,15053,12237,9406,22288,20248,14114,8384,11989,9179,23778,10171,10430,11522,12110,14253,19838,9958,10250,12032,12126,7214,6937,9940,16378,6227,13595,10427,8780,11348,8471,9321,7948,9816,17884,0
65 years and over,2099,3218,2701,4427,2881,3269,3037,3284,6210,5229,3589,6239,17,8587,3349,3278,4128,6011,4395,5759,2574,11128,1637,8620,4017,7271,11734,5249,13244,10206,3697,2632,9943,6768,6171,5966,6241,9854,7014,11460,6968,5956,3152,5462,1962,6873,3049,7206,6624,7884,8431,2273,2197,3279,4698,56,2118,1971,3369,2971,1730,6437,2621,2387,3420,1491,3630,3747,3236,3602,5716,5482,5903,3001,6774,3389,3620,2285,5325,9334,7067,4223,5665,3432,4441,3652,6748,5631,109,8928,4446,2370,4151,7193,12877,7547,4655,3397,9127,6021,3073,3780,22523,10157,13514,12035,14594,5365,2655,6143,8651,3793,7394,6689,4872,9339,10476,106,1617,9765,2678,6435,123,6142,2904,5440,2609,2180,11861,0,5308,8999,4268,6225,7273,3524,15190,4483,11014,3341,5610,5761,8211,4294,2487,4495,5062,5070,4581,2585,5029,5320,3177,7887,2316,6431,4448,4746,7147,3319,4207,4095,2543,6722,5345,3663,1836,2456,3595,6803,3144,5334,3794,5309,3976,6814,3734,1902,2402,3282,1977,2195,2950,6174,1988,5323,4137,2859,3762,2503,4287,2267,2581,5957,0
  Male,778,1365,891,1795,1329,1194,983,1407,2138,2040,1411,2321,0,3094,1302,1047,1602,2690,1726,2441,976,3849,583,3294,1462,3173,4318,2259,5476,4627,1597,1170,4206,2469,2507,2409,2764,3673,2738,4532,2983,2442,1332,1624,797,2679,1126,2928,2669,2963,3178,956,626,1030,1640,56,746,675,1077,998,783,2569,886,854,1466,479,1487,1340,1067,1573,2220,2029,2270,1084,2462,1463,1645,773,1885,3588,2871,1486,2297,1321,1898,1523,2484,2112,78,4123,2086,1075,1682,3035,5358,3223,1929,1767,3653,2397,1276,1165,9333,4255,5854,4969,6379,1876,1051,2184,2911,1464,2441,2252,1847,3352,4117,64,619,3946,1111,2842,31,2515,1230,1979,1062,820,4603,0,2384,3561,1579,2530,2856,1599,6117,1851,4283,1404,2223,2483,3408,1699,1120,1627,2198,2101,2049,1047,2187,2452,1210,3409,1077,2658,1927,2007,2987,1404,1410,1460,897,2399,2109,1329,736,894,1318,2926,1382,1931,1542,2387,1535,2554,1537,612,1055,1247,833,761,1132,2567,823,2188,1694,1224,1764,1064,1656,1064,1461,2423,0
  Female,1321,1853,1810,2632,1552,2075,2054,1877,4072,3189,2178,3918,17,5493,2047,2231,2526,3321,2669,3318,1598,7279,1054,5326,2555,4098,7416,2990,7768,5579,2100,1462,5737,4299,3664,3557,3477,6181,4276,6928,3985,3514,1820,3838,1165,4194,1923,4278,3955,4921,5253,1317,1571,2249,3058,0,1372,1296,2292,1973,947,3868,1735,1533,1954,1012,2143,2407,2169,2029,3496,3453,3633,1917,4312,1926,1975,1512,3440,5746,4196,2737,3368,2111,2543,2129,4264,3519,31,4805,2360,1295,2469,4158,7519,4324,2726,1630,5474,3624,1797,2615,13190,5902,7660,7066,8215,3489,1604,3959,5740,2329,4953,4437,3025,5987,6359,42,998,5819,1567,3593,92,3627,1674,3461,1547,1360,7258,0,2924,5438,2689,3695,4417,1925,9073,2632,6731,1937,3387,3278,4803,2595,1367,2868,2864,2969,2532,1538,2842,2868,1967,4478,1239,3773,2521,2739,4160,1915,2797,2635,1646,4323,3236,2334,1100,1562,2277,3877,1762,3403,2252,2922,2441,4260,2197,1290,1347,2035,1144,1434,1818,3607,1165,3135,2443,1635,1998,1439,2631,1203,1120,3534,0
RACE   ,,,,,,,,,,,,,,,,,,,,,,,,,,,,,,,,,,,,,,,,,,,,,,,,,,,,,,,,,,,,,,,,,,,,,,,,,,,,,,,,,,,,,,,,,,,,,,,,,,,,,,,,,,,,,,,,,,,,,,,,,,,,,,,,,,,,,,,,,,,,,,,,,,,,,,,,,,,,,,,,,,,,,,,,,,,,,,,,,,,,,,,,,,,,,,,,,,,
Total population,32828,46070,31522,33155,23498,35373,26982,36413,64331,70095,61817,71247,416,91956,47526,12822,39422,72864,54932,71460,22571,100130,20449,69397,41243,45216,83821,29311,86592,61066,36199,19541,106203,31584,30018,15472,27759,105094,51514,61584,41899,40001,31831,55412,29854,52657,29933,56277,48351,86160,70872,27562,25542,39020,52132,9741,30715,25783,41871,37872,20352,63504,37065,39680,53944,26336,52237,52591,30599,41217,26839,49715,29848,35325,53800,30376,35886,27483,26139,44304,46104,33728,33404,30098,30191,36676,61503,45805,1377,67185,40059,37506,43755,46550,74243,69299,42931,28228,48393,49515,26075,21864,135718,60205,81378,77676,58834,51527,23845,54326,78193,46694,59794,60465,50358,71085,89551,1483,18539,75149,26470,49001,438,60575,25088,45259,50295,23070,105188,0,54091,84904,31750,70166,39062,27677,84694,27500,69382,24199,22943,32331,51509,27943,20989,25067,38449,36683,33532,18177,59550,65199,22878,80046,22136,28769,28097,25619,45522,20684,36864,26959,21520,51098,50922,34293,19901,28201,20212,57549,25964,22427,25141,29543,35500,50294,24202,23858,30473,31214,19240,18310,25635,39517,14775,31931,24999,21208,28727,24083,22038,19938,24799,43427,0
  One race,32508,44733,30838,32570,22567,33902,25676,34863,63128,68676,60302,69043,381,90686,46814,12551,37796,70002,53351,70366,21850,98201,19669,68020,40948,44790,81933,28993,85885,60202,35249,19410,105822,30784,29396,15388,27402,102720,50858,61008,41337,39691,31487,54527,29489,51732,29288,55714,47606,85484,69831,26193,24750,38165,51099,9541,29958,24939,40334,36252,19767,62013,36429,38541,51553,25443,50580,51133,29373,39331,26291,47370,28544,32657,52356,28990,32938,26104,25558,42772,44641,32244,32281,28969,29549,35849,59961,45162,1313,65278,38731,36360,42536,45417,70940,66018,41419,27439,47548,48512,25467,21384,130907,58215,79507,76427,57904,43172,21140,51913,73942,45095,57886,58176,47850,68598,84471,1450,18233,73116,25678,47922,428,58747,24833,44136,49126,22361,101441,0,52853,83442,31083,68588,38634,27357,82613,26713,67097,23713,22513,31774,50192,27061,20455,23979,36528,35574,32262,17597,56273,61747,22362,74753,20833,27678,27266,25294,44324,20224,35270,26830,20262,50150,48056,33492,19292,27732,19990,53907,25151,21452,24539,29194,34698,48741,23789,23151,28699,30056,18962,17819,24913,39025,14593,31600,24475,21000,28453,23596,21741,19790,24694,43112,0
  Two or more races,320,1337,684,585,931,1471,1306,1550,1203,1419,1515,2204,35,1270,712,271,1626,2862,1581,1094,721,1929,780,1377,295,426,1888,318,707,864,950,131,381,800,622,84,357,2374,656,576,562,310,344,885,365,925,645,563,745,676,1041,1369,792,855,1033,200,757,844,1537,1620,585,1491,636,1139,2391,893,1657,1458,1226,1886,548,2345,1304,2668,1444,1386,2948,1379,581,1532,1463,1484,1123,1129,642,827,1542,643,64,1907,1328,1146,1219,1133,3303,3281,1512,789,845,1003,608,480,4811,1990,1871,1249,930,8355,2705,2413,4251,1599,1908,2289,2508,2487,5080,33,306,2033,792,1079,10,1828,255,1123,1169,709,3747,0,1238,1462,667,1578,428,320,2081,787,2285,486,430,557,1317,882,534,1088,1921,1109,1270,580,3277,3452,516,5293,1303,1091,831,325,1198,460,1594,129,1258,948,2866,801,609,469,222,3642,813,975,602,349,802,1553,413,707,1774,1158,278,491,722,492,182,331,524,208,274,487,297,148,105,315,0
  One race,32508,44733,30838,32570,22567,33902,25676,34863,63128,68676,60302,69043,381,90686,46814,12551,37796,70002,53351,70366,21850,98201,19669,68020,40948,44790,81933,28993,85885,60202,35249,19410,105822,30784,29396,15388,27402,102720,50858,61008,41337,39691,31487,54527,29489,51732,29288,55714,47606,85484,69831,26193,24750,38165,51099,9541,29958,24939,40334,36252,19767,62013,36429,38541,51553,25443,50580,51133,29373,39331,26291,47370,28544,32657,52356,28990,32938,26104,25558,42772,44641,32244,32281,28969,29549,35849,59961,45162,1313,65278,38731,36360,42536,45417,70940,66018,41419,27439,47548,48512,25467,21384,130907,58215,79507,76427,57904,43172,21140,51913,73942,45095,57886,58176,47850,68598,84471,1450,18233,73116,25678,47922,428,58747,24833,44136,49126,22361,101441,0,52853,83442,31083,68588,38634,27357,82613,26713,67097,23713,22513,31774,50192,27061,20455,23979,36528,35574,32262,17597,56273,61747,22362,74753,20833,27678,27266,25294,44324,20224,35270,26830,20262,50150,48056,33492,19292,27732,19990,53907,25151,21452,24539,29194,34698,48741,23789,23151,28699,30056,18962,17819,24913,39025,14593,31600,24475,21000,28453,23596,21741,19790,24694,43112,0
    White,30366,36143,26941,20732,18810,18073,9095,15020,7778,22449,22177,27651,286,16326,23808,5022,25764,53183,24381,21965,16664,12433,11159,8055,11237,26407,63389,17345,48060,33602,20243,17438,85730,25322,12724,15109,16699,28856,41195,45514,35395,30103,1387,3212,3381,1586,1131,1153,37825,6774,14783,7299,4114,7846,16636,1421,2663,7599,6583,4171,2464,8385,5464,6997,6643,3050,7101,8638,3344,9133,19933,11673,17626,5145,8785,3536,5343,4536,18673,8010,27274,8431,11740,10876,14174,2721,4304,9431,293,56904,27666,26482,31859,9695,28874,50798,29503,20563,39094,37479,21094,16173,101748,48136,66070,64865,53480,12216,4486,30773,10012,10227,22500,12810,17310,32365,25493,470,7436,52562,14527,38107,271,36175,8245,20594,23428,5102,50451,0,23619,35792,28191,54960,34229,21764,55688,16064,12849,11155,15499,25273,17432,8057,5085,7761,10607,21949,14257,6377,21029,17795,14227,12810,10183,24781,13977,14449,24964,10254,1395,472,1484,1444,5723,993,966,2094,686,8320,11230,12787,682,25498,8545,19970,20888,10431,13581,13100,11842,14146,13589,29741,11627,26037,20378,18512,27311,21305,20378,18548,22374,41048,0
    Black or African American,913,2605,304,3455,1282,8643,11844,15204,48310,37726,7838,22571,95,65258,13207,6231,4793,5138,2766,1955,1490,76884,5824,54533,27257,505,1769,641,769,628,2904,169,901,526,10739,168,2338,53608,2654,4584,484,402,25768,45867,21770,48539,26096,52145,5983,72470,51069,7759,8060,14752,18550,5706,14602,5558,14010,15729,5619,27358,14834,11943,18872,9302,16927,11210,6914,9530,2204,11424,2565,10975,20748,15025,10734,5255,680,28450,5330,11051,11344,3115,3125,26778,45664,29599,438,1301,892,1208,2719,2049,7840,3972,3337,1301,1093,2178,827,1076,15405,2530,3721,2669,796,21968,8816,8339,53918,28198,18032,23988,6407,5899,16426,838,4761,4156,2789,1217,60,1471,165,1055,3095,6094,2853,0,9225,1468,348,1787,500,343,2267,846,3192,652,302,198,977,604,382,6706,4623,3315,3801,925,4388,6824,1812,19557,1419,935,582,770,1262,323,25838,24626,13879,45889,10891,27297,17588,24162,18633,30243,1859,716,23593,2502,22095,23680,481,8061,9124,12529,3997,2038,5199,1634,979,821,1122,412,97,873,601,116,487,64,0
    American Indian and Alaska Native,5,126,301,191,80,64,37,58,101,256,126,538,0,171,90,110,12,406,817,974,165,157,31,173,76,94,419,74,621,58,101,111,25,74,187,0,107,284,36,25,55,74,104,180,66,29,1,178,16,149,114,54,54,549,262,7,210,110,107,158,227,425,204,483,215,179,399,217,152,284,0,241,118,161,131,125,500,117,16,234,246,104,89,108,85,157,349,119,0,130,0,41,88,266,318,459,149,99,105,15,97,13,735,44,59,30,214,241,12,29,284,159,130,251,204,94,746,0,182,209,452,160,0,134,82,192,600,66,368,0,405,149,118,190,20,86,139,53,691,116,7,29,102,217,207,215,126,78,90,18,204,578,20,784,64,52,9,19,202,23,327,12,100,174,324,137,1,35,125,161,144,127,43,8,153,148,31,35,156,15,0,19,183,134,23,6,45,0,0,27,16,0,17,106,0
        Cherokee tribal grouping,0,0,30,0,0,19,5,0,17,25,0,36,0,7,42,0,2,1,0,191,60,47,0,0,0,0,0,0,3,12,7,0,0,0,42,0,0,19,0,0,0,0,7,0,0,0,0,12,0,0,0,0,0,19,0,0,0,0,24,0,0,6,43,0,0,19,11,0,0,0,0,0,0,0,0,0,0,0,0,0,144,0,0,11,0,57,105,51,0,0,0,0,0,5,0,0,0,0,0,0,0,0,26,0,0,0,0,30,0,8,0,6,0,0,0,0,0,0,33,15,0,14,0,30,0,0,0,0,0,0,0,0,0,0,0,11,0,8,128,0,0,0,0,5,0,0,25,0,0,6,0,49,0,0,0,0,9,0,0,0,152,0,28,35,21,0,0,0,0,0,0,34,0,0,0,10,26,0,0,0,0,0,0,0,0,0,0,0,0,0,0,0,0,0,0
        Chippewa tribal grouping,0,0,0,0,0,0,0,0,0,0,0,0,0,0,0,0,0,0,0,0,0,0,0,0,0,0,0,0,0,0,0,0,0,0,0,0,0,0,0,0,0,0,0,0,0,0,0,0,0,0,0,0,0,0,0,0,0,0,0,0,0,0,0,0,0,0,0,0,0,0,0,0,0,0,0,0,0,17,0,0,0,0,0,0,0,0,0,0,0,0,0,0,0,0,0,0,0,5,0,0,0,0,0,0,0,0,0,0,0,0,0,0,0,0,0,0,0,0,0,0,8,0,0,0,0,0,0,0,0,0,0,0,0,0,0,0,0,0,0,0,0,0,0,0,0,0,0,15,0,0,0,0,0,0,0,0,0,0,0,0,0,0,0,0,0,0,0,0,0,0,0,0,0,0,0,0,0,0,0,0,0,0,0,30,0,0,0,0,0,0,0,0,0,0,0
        Navajo tribal grouping,0,0,0,0,0,0,0,0,0,0,0,0,0,0,0,0,0,0,0,0,0,0,0,0,0,0,11,0,0,0,0,0,0,0,0,0,0,0,0,0,0,0,0,0,0,0,0,0,0,0,0,0,0,0,0,0,0,0,0,0,0,0,0,0,0,0,0,0,0,0,0,0,0,0,0,0,0,0,0,0,0,0,0,0,0,0,0,0,0,0,0,0,0,0,0,0,23,0,0,0,0,0,0,0,0,0,5,0,0,0,0,0,0,0,0,0,0,0,0,0,0,0,0,0,0,0,0,0,0,0,0,0,0,0,0,0,0,0,0,0,0,0,0,0,0,0,0,0,0,0,0,0,0,0,0,0,0,0,0,0,0,0,0,0,0,0,0,0,0,0,0,0,0,0,0,0,0,0,0,0,0,0,0,0,0,0,0,0,0,0,0,0,0,0,0
        Sioux tribal grouping,0,0,0,0,0,0,0,12,0,0,0,0,0,0,0,0,0,0,0,0,31,0,0,0,0,0,0,0,0,0,0,0,0,0,0,0,0,0,0,0,0,0,0,0,0,0,0,0,0,0,0,0,0,0,0,0,0,0,0,0,0,0,0,0,0,0,0,1,0,0,0,0,0,0,0,0,0,0,0,0,0,0,0,0,0,0,0,0,0,0,0,0,0,0,0,0,0,0,0,0,0,0,0,0,0,0,0,0,0,5,0,0,0,0,0,0,0,0,0,0,0,0,0,0,0,0,0,0,0,0,0,0,0,0,0,0,0,0,1,0,0,0,0,0,0,0,0,0,0,0,0,0,0,22,0,0,0,0,0,0,0,0,0,15,0,26,0,0,0,0,0,0,0,0,0,0,0,0,0,0,0,0,0,0,0,0,0,0,0,0,0,0,0,0,0
    Asian,30,2048,1577,3951,1713,3016,2283,1911,1880,1890,3645,1602,0,1625,3483,319,2348,4678,8749,35196,2208,2128,1435,1508,577,16739,11661,9224,32319,23673,8825,761,12991,4171,3113,110,6585,8834,5166,9815,4336,8472,183,633,240,516,899,965,2298,2323,1905,149,323,216,572,202,42,642,356,230,129,644,158,946,321,194,1159,2535,1999,3570,1643,1776,1964,981,898,3776,2661,3992,905,533,1091,1445,3115,2682,4552,372,1038,1589,89,5815,9343,7133,6419,30032,19324,8240,5841,4941,6894,6845,2865,3593,8779,6573,8736,7066,3150,844,856,7845,2097,1809,6026,2239,737,2067,2558,6,2471,10175,4229,4581,93,15435,14364,17028,4573,1314,25597,0,7767,39071,946,5559,2643,2994,20655,8787,46415,6486,5760,5220,28014,16426,13347,7569,13852,8478,10810,9149,13257,19479,3435,19724,4802,572,12198,9427,15452,8669,2336,454,2777,760,15459,1531,295,1113,423,10692,10245,7241,97,469,966,957,1789,3169,2444,1731,923,723,2879,6600,1594,4206,2282,1165,942,1044,463,1105,1558,1675,0
        Asian Indian,6,258,79,104,297,435,373,173,277,517,735,112,0,438,1348,20,588,1238,314,745,166,463,353,329,41,294,1102,208,1003,462,3344,67,1223,1082,332,40,329,1097,706,343,765,389,16,71,39,135,158,410,542,150,574,6,24,26,84,82,0,190,201,15,0,60,19,431,126,145,501,872,262,1082,304,206,242,526,484,775,883,1376,99,365,190,204,891,611,784,145,442,1088,0,853,422,1193,1196,275,949,1533,1238,1009,1904,1793,502,694,917,1116,2056,1240,613,70,208,1197,532,610,1081,80,273,332,472,6,392,1493,810,702,0,2402,1412,3413,1646,312,8157,0,1559,5860,145,665,154,280,3579,2635,4127,365,282,300,1669,1639,1066,2819,5879,2298,1035,900,6324,14407,1136,15916,3048,63,549,395,657,574,1173,147,2141,179,8421,998,174,444,37,7053,7304,4830,22,28,210,431,618,745,492,374,177,331,100,2399,511,524,768,157,63,237,141,132,86,192,0
        Chinese,9,608,357,3033,749,1350,1039,687,513,548,1445,968,0,325,1094,100,784,1406,6768,32581,1027,604,389,617,282,14847,7539,8069,28274,20709,1760,405,9175,905,2387,62,5098,1771,1692,8155,2547,6043,117,344,159,37,221,199,1020,1661,409,132,162,55,62,68,19,62,95,137,81,57,121,322,13,31,100,205,154,372,472,561,609,86,130,192,390,755,387,96,198,114,526,380,810,8,75,122,30,2242,7344,3416,3078,27885,16062,3571,2356,1369,2170,2583,955,814,3248,2140,2853,2795,1229,274,360,3414,570,503,2786,871,125,604,910,0,320,2639,645,807,41,4632,5893,3912,2007,204,6476,0,4560,17972,127,2797,1693,1943,10974,3966,31633,4249,2292,2374,13735,9876,10612,668,1569,3348,7120,3651,3268,1314,666,1230,650,74,6678,4276,8095,4977,152,271,170,357,598,153,33,244,174,609,1059,999,3,147,241,299,104,1562,570,725,176,199,1085,1507,654,1848,688,733,480,253,188,428,829,683,0
        Filipino,15,269,118,162,93,127,186,70,96,93,626,95,0,63,166,0,248,340,733,399,155,158,19,341,0,308,733,104,149,134,74,19,230,562,0,8,141,214,320,131,248,326,14,0,0,167,56,35,344,315,185,11,0,117,19,8,0,109,53,0,0,50,3,18,73,0,95,193,132,302,215,528,409,7,14,148,24,413,67,50,255,158,474,473,608,0,361,189,38,286,167,342,288,224,189,605,445,176,678,461,328,615,1267,525,952,442,376,224,34,292,62,265,798,238,37,387,378,0,194,1221,578,443,52,1307,1290,3963,240,103,1296,0,434,5603,301,946,134,337,1109,972,1429,271,162,322,464,426,491,1880,1791,987,930,426,1479,1199,489,720,523,200,220,16,256,119,130,0,264,35,1342,198,86,120,118,1781,662,635,32,202,238,82,402,438,636,285,174,86,765,1004,205,296,650,74,101,249,77,0,302,97,0
        Japanese,0,341,118,203,143,135,176,180,69,64,139,79,0,0,90,0,154,676,155,138,265,164,144,32,41,8,125,11,190,90,190,0,39,0,3,0,8,144,0,0,0,0,0,0,0,17,0,0,9,16,0,0,0,18,21,0,0,18,0,0,11,27,0,0,0,18,8,15,0,37,11,112,66,0,17,0,0,5,29,0,0,0,0,0,94,0,0,57,0,956,237,234,547,178,483,691,365,599,1066,863,340,139,1245,1110,883,1261,302,165,138,604,222,215,355,273,90,171,199,0,36,1182,167,376,0,727,74,235,0,9,307,0,0,261,8,241,32,0,1384,240,255,11,9,69,121,33,116,65,145,48,30,0,0,34,107,17,0,0,0,18,52,42,16,36,9,6,0,26,0,0,0,0,8,38,0,0,8,60,0,27,0,16,10,9,5,6,0,14,39,11,0,0,0,0,0,26,0
        Korean,0,344,310,292,233,528,211,297,55,228,101,129,0,46,235,61,216,465,176,303,183,25,212,91,182,144,628,73,235,30,148,18,159,17,38,0,76,429,110,50,279,188,0,56,0,15,0,185,82,57,0,0,0,0,2,22,13,211,0,78,29,122,0,0,0,0,0,263,14,194,334,83,417,41,116,0,57,0,88,22,35,161,322,62,123,0,20,0,0,1029,419,1406,777,406,406,1336,975,1279,585,733,507,723,1321,1161,1260,874,300,58,93,1436,67,105,508,313,86,371,326,0,362,975,503,578,0,2534,1369,1373,15,30,1145,0,348,2098,24,27,313,295,1582,315,6332,1315,2855,1897,10283,3518,300,286,332,374,907,2830,57,59,99,118,20,45,4370,3738,5877,2722,7,0,1,6,58,6,2,34,94,236,208,115,0,62,120,50,199,65,19,57,0,6,303,608,0,1218,65,83,119,168,37,347,169,24,0
        Vietnamese,0,20,112,118,0,87,48,75,11,9,111,0,0,122,3,49,58,83,15,382,73,0,0,0,16,104,297,0,364,258,111,49,0,147,143,0,96,230,38,72,41,179,0,0,42,11,38,15,63,2,0,0,0,0,87,0,0,18,0,0,0,22,3,0,1,0,0,200,580,24,0,170,28,0,0,0,26,99,204,0,153,83,323,151,1215,135,38,0,0,130,286,133,192,50,249,146,74,222,70,174,54,62,223,36,206,72,106,13,0,35,17,8,26,27,21,63,26,0,41,130,80,80,0,46,75,190,0,52,300,0,31,137,43,111,96,56,148,75,282,89,28,15,435,128,20,0,6,191,15,9,204,170,22,181,28,0,15,186,40,87,59,0,142,0,128,0,0,0,0,0,41,22,37,0,0,0,50,0,17,23,57,0,190,245,27,80,0,33,0,100,0,45,87,8,0
        Other Asian,0,208,483,39,198,354,250,429,859,431,488,219,0,631,547,89,300,470,588,648,339,714,318,98,15,1034,1237,759,2104,1990,3198,203,2165,1458,210,0,837,4949,2300,1064,456,1347,36,162,0,134,426,121,238,122,737,0,137,0,297,22,10,34,7,0,8,306,12,175,108,0,455,787,857,1559,307,116,193,321,137,2661,1281,1344,31,0,260,725,579,1005,918,84,102,133,21,319,468,409,341,1014,986,358,388,287,421,238,179,546,558,485,526,382,224,40,23,867,627,103,472,437,105,139,247,0,1126,2535,1446,1595,0,3787,4251,3942,665,604,7916,0,835,7140,298,772,221,83,1879,584,2357,186,132,243,1307,806,742,1851,4130,1232,773,1333,1925,2296,916,1542,533,190,366,798,475,148,799,0,50,177,4912,150,0,271,0,1013,963,602,3,30,149,35,416,332,710,251,329,92,431,831,197,226,72,74,179,37,20,153,85,645,0
    Native Hawaiian and Other Pacific Islander,0,88,0,0,0,0,0,32,10,0,0,11,0,276,0,0,0,0,0,56,0,236,0,0,0,21,88,0,0,18,0,0,0,0,21,0,0,99,0,112,0,0,21,15,29,8,0,0,231,0,0,12,21,0,10,0,0,0,0,35,24,0,0,0,48,36,40,16,0,0,0,27,0,0,0,0,0,0,0,0,0,0,0,7,0,0,32,0,0,0,19,0,30,0,13,0,0,16,0,0,11,0,0,10,32,207,0,23,0,0,224,0,21,26,18,112,42,0,0,41,34,0,0,0,0,133,0,46,26,0,269,0,9,0,0,11,18,0,0,0,0,0,0,0,24,0,0,0,0,50,23,17,20,145,0,0,58,8,6,40,24,23,102,154,0,0,0,0,0,75,0,0,0,0,0,0,0,0,0,0,0,0,26,0,0,0,0,0,0,0,0,0,0,0,0
        Native Hawaiian,0,88,0,0,0,0,0,0,0,0,0,0,0,0,0,0,0,0,0,0,0,0,0,0,0,0,88,0,0,18,0,0,0,0,4,0,0,43,0,0,0,0,0,0,0,0,0,0,0,0,0,0,0,0,0,0,0,0,0,0,0,0,0,0,48,0,0,16,0,0,0,0,0,0,0,0,0,0,0,0,0,0,0,0,0,0,2,0,0,0,0,0,0,0,13,0,0,16,0,0,11,0,0,0,32,51,0,23,0,0,68,0,0,5,18,0,0,0,0,0,34,0,0,0,0,133,0,46,0,0,233,0,0,0,0,0,0,0,0,0,0,0,0,0,24,0,0,0,0,50,0,17,0,60,0,0,0,0,0,0,0,0,0,119,0,0,0,0,0,75,0,0,0,0,0,0,0,0,0,0,0,0,14,0,0,0,0,0,0,0,0,0,0,0,0
        Guamanian or Chamorro,0,0,0,0,0,0,0,32,0,0,0,0,0,276,0,0,0,0,0,0,0,189,0,0,0,0,0,0,0,0,0,0,0,0,0,0,0,19,0,0,0,0,0,15,10,0,0,0,231,0,0,0,0,0,0,0,0,0,0,35,0,0,0,0,0,0,0,0,0,0,0,0,0,0,0,0,0,0,0,0,0,0,0,0,0,0,0,0,0,0,19,0,0,0,0,0,0,0,0,0,0,0,0,10,0,0,0,0,0,0,0,0,0,0,0,0,0,0,0,0,0,0,0,0,0,0,0,0,0,0,0,0,0,0,0,0,18,0,0,0,0,0,0,0,0,0,0,0,0,0,0,0,0,38,0,0,0,0,0,0,0,0,0,0,0,0,0,0,0,0,0,0,0,0,0,0,0,0,0,0,0,0,12,0,0,0,0,0,0,0,0,0,0,0,0
        Samoan,0,0,0,0,0,0,0,0,0,0,0,0,0,0,0,0,0,0,0,0,0,0,0,0,0,21,0,0,0,0,0,0,0,0,0,0,0,18,0,0,0,0,0,0,0,0,0,0,0,0,0,0,11,0,0,0,0,0,0,0,0,0,0,0,0,0,0,0,0,0,0,0,0,0,0,0,0,0,0,0,0,0,0,0,0,0,0,0,0,0,0,0,0,0,0,0,0,0,0,0,0,0,0,0,0,0,0,0,0,0,156,0,0,21,0,0,0,0,0,0,0,0,0,0,0,0,0,0,0,0,36,0,0,0,0,0,0,0,0,0,0,0,0,0,0,0,0,0,0,0,23,0,0,0,0,0,0,8,0,0,24,0,0,0,0,0,0,0,0,0,0,0,0,0,0,0,0,0,0,0,0,0,0,0,0,0,0,0,0,0,0,0,0,0,0
        Other Pacific Islander,0,0,0,0,0,0,0,0,10,0,0,11,0,0,0,0,0,0,0,56,0,47,0,0,0,0,0,0,0,0,0,0,0,0,17,0,0,19,0,112,0,0,21,0,19,8,0,0,0,0,0,12,10,0,10,0,0,0,0,0,24,0,0,0,0,36,40,0,0,0,0,27,0,0,0,0,0,0,0,0,0,0,0,7,0,0,30,0,0,0,0,0,30,0,0,0,0,0,0,0,0,0,0,0,0,156,0,0,0,0,0,0,21,0,0,112,42,0,0,41,0,0,0,0,0,0,0,0,26,0,0,0,9,0,0,11,0,0,0,0,0,0,0,0,0,0,0,0,0,0,0,0,20,47,0,0,58,0,6,40,0,23,102,35,0,0,0,0,0,0,0,0,0,0,0,0,0,0,0,0,0,0,0,0,0,0,0,0,0,0,0,0,0,0,0
    Some other race,1194,3723,1715,4241,682,4106,2417,2638,5049,6355,26516,16670,0,7030,6226,869,4879,6597,16638,10220,1323,6363,1220,3751,1801,1024,4607,1709,4116,2223,3176,931,6175,691,2612,1,1673,11039,1807,958,1067,640,4024,4620,4003,1054,1161,1273,1253,3768,1960,10920,12178,14802,15069,2205,12441,11030,19278,15929,11304,25201,15769,18172,25454,12682,24954,28517,16964,16814,2511,22229,6271,15395,21794,6528,13700,12204,5284,5545,10700,11213,5993,12181,7613,5821,8574,4424,493,1128,811,1496,1421,3375,14571,2549,2589,519,362,1995,573,529,4240,922,889,1590,264,7880,6970,4927,7407,4702,11177,18862,23174,28061,39206,136,3383,5973,3647,3857,4,5532,1977,5134,17430,9739,22146,0,11568,6962,1471,6092,1242,2159,3846,963,3950,5304,945,1054,3667,1757,1410,1728,7320,1754,3304,1078,17372,17054,2848,21733,4365,1338,442,621,2438,915,5350,1243,1920,1729,15659,3534,442,328,123,4416,1673,581,124,717,2939,3986,600,1455,3394,2681,2200,893,3037,916,370,530,648,911,103,347,283,21,258,219,0
  Two or more races,320,1337,684,585,931,1471,1306,1550,1203,1419,1515,2204,35,1270,712,271,1626,2862,1581,1094,721,1929,780,1377,295,426,1888,318,707,864,950,131,381,800,622,84,357,2374,656,576,562,310,344,885,365,925,645,563,745,676,1041,1369,792,855,1033,200,757,844,1537,1620,585,1491,636,1139,2391,893,1657,1458,1226,1886,548,2345,1304,2668,1444,1386,2948,1379,581,1532,1463,1484,1123,1129,642,827,1542,643,64,1907,1328,1146,1219,1133,3303,3281,1512,789,845,1003,608,480,4811,1990,1871,1249,930,8355,2705,2413,4251,1599,1908,2289,2508,2487,5080,33,306,2033,792,1079,10,1828,255,1123,1169,709,3747,0,1238,1462,667,1578,428,320,2081,787,2285,486,430,557,1317,882,534,1088,1921,1109,1270,580,3277,3452,516,5293,1303,1091,831,325,1198,460,1594,129,1258,948,2866,801,609,469,222,3642,813,975,602,349,802,1553,413,707,1774,1158,278,491,722,492,182,331,524,208,274,487,297,148,105,315,0
    White and Black or African American,45,226,129,157,262,232,400,488,253,251,364,561,20,305,86,83,329,362,338,118,120,369,273,361,137,58,280,179,266,116,166,38,70,50,284,0,87,725,134,59,17,51,51,130,44,192,35,151,162,190,58,256,147,166,213,6,107,338,162,285,123,211,75,264,238,55,310,169,152,403,42,589,388,608,242,536,394,156,78,144,264,271,202,162,240,148,364,70,30,344,206,113,209,293,644,371,292,141,139,130,167,108,897,411,533,248,99,6636,1643,460,1977,323,326,619,1276,423,1342,17,45,356,171,108,0,135,1,225,325,75,575,0,290,244,113,462,104,24,326,59,200,3,62,152,431,108,6,90,309,315,148,0,336,125,24,309,35,92,174,0,223,43,193,39,161,168,403,145,143,139,77,441,120,26,222,94,190,521,185,301,731,435,146,284,151,112,67,27,64,9,25,123,120,13,0,62,0
    White and American Indian and Alaska Native,73,50,80,80,18,65,5,53,119,35,70,176,0,78,45,0,47,194,79,135,80,71,0,216,0,0,52,22,57,14,167,45,41,98,0,0,0,84,114,218,48,60,89,16,0,54,98,0,64,28,4,244,0,19,95,7,0,15,93,66,0,27,27,116,98,0,34,100,0,57,70,59,13,0,66,84,1,13,0,0,8,207,40,28,32,76,22,0,0,71,55,114,83,36,274,226,165,19,68,116,34,52,436,137,49,78,109,11,108,223,107,46,87,117,56,69,239,7,0,79,89,170,0,170,0,48,142,29,493,0,107,145,90,32,6,34,211,145,208,58,21,134,57,11,36,13,126,59,162,45,184,76,23,270,0,19,42,33,28,64,11,26,178,26,59,0,30,68,3,93,36,25,0,52,147,7,23,64,134,84,6,20,63,0,9,46,71,65,64,82,46,0,30,76,0
    White and Asian,4,589,150,85,466,427,364,335,41,225,150,35,15,3,90,0,457,1244,389,206,280,296,181,274,24,214,884,6,141,422,357,28,146,427,21,34,0,540,214,84,202,92,45,0,0,50,8,46,189,25,127,67,21,23,11,11,10,16,0,0,0,23,0,51,8,41,89,75,0,204,130,121,139,0,31,22,361,75,84,60,67,6,134,183,53,0,30,57,0,1106,726,659,522,331,458,1047,335,400,375,332,382,187,1686,1003,846,596,627,109,82,763,334,185,337,49,161,240,310,0,28,532,152,448,0,468,103,413,23,73,634,0,147,237,99,146,185,22,692,248,734,275,99,130,414,336,254,185,294,406,551,220,461,186,45,146,219,130,204,57,690,152,6,0,0,22,23,22,0,35,9,183,251,157,3,16,19,40,131,47,161,67,16,42,159,100,43,42,176,19,139,56,27,94,50,137,0
    Black or African American and American Indian and Alaska Native,0,0,0,0,0,27,143,139,271,107,66,226,0,99,0,18,16,25,32,0,0,143,20,131,73,0,70,18,15,47,0,0,0,0,38,0,1,106,5,36,0,0,31,180,11,65,44,66,0,87,87,40,73,5,45,0,64,0,24,110,0,74,27,41,72,145,39,11,51,92,11,79,10,22,79,93,101,29,0,59,41,57,101,25,11,17,139,7,0,0,14,39,43,23,101,178,43,36,12,156,0,16,109,52,142,3,0,238,191,64,556,110,26,263,1,62,160,6,128,39,2,0,10,9,0,70,18,25,67,0,32,2,9,8,3,6,48,15,42,59,1,2,46,3,8,50,138,30,70,1,0,55,1,326,11,0,128,10,88,0,147,30,30,188,162,173,169,0,7,460,3,30,17,34,112,68,17,8,85,78,11,2,61,0,0,0,0,13,0,0,0,0,0,0,0
RACE ALONE OR IN COMBINATION W/ONE OF MORE OTHER RACES,,,,,,,,,,,,,,,,,,,,,,,,,,,,,,,,,,,,,,,,,,,,,,,,,,,,,,,,,,,,,,,,,,,,,,,,,,,,,,,,,,,,,,,,,,,,,,,,,,,,,,,,,,,,,,,,,,,,,,,,,,,,,,,,,,,,,,,,,,,,,,,,,,,,,,,,,,,,,,,,,,,,,,,,,,,,,,,,,,,,,,,,,,,,,,,,,,,
Total population,32828,46070,31522,33155,23498,35373,26982,36413,64331,70095,61817,71247,416,91956,47526,12822,39422,72864,54932,71460,22571,100130,20449,69397,41243,45216,83821,29311,86592,61066,36199,19541,106203,31584,30018,15472,27759,105094,51514,61584,41899,40001,31831,55412,29854,52657,29933,56277,48351,86160,70872,27562,25542,39020,52132,9741,30715,25783,41871,37872,20352,63504,37065,39680,53944,26336,52237,52591,30599,41217,26839,49715,29848,35325,53800,30376,35886,27483,26139,44304,46104,33728,33404,30098,30191,36676,61503,45805,1377,67185,40059,37506,43755,46550,74243,69299,42931,28228,48393,49515,26075,21864,135718,60205,81378,77676,58834,51527,23845,54326,78193,46694,59794,60465,50358,71085,89551,1483,18539,75149,26470,49001,438,60575,25088,45259,50295,23070,105188,0,54091,84904,31750,70166,39062,27677,84694,27500,69382,24199,22943,32331,51509,27943,20989,25067,38449,36683,33532,18177,59550,65199,22878,80046,22136,28769,28097,25619,45522,20684,36864,26959,21520,51098,50922,34293,19901,28201,20212,57549,25964,22427,25141,29543,35500,50294,24202,23858,30473,31214,19240,18310,25635,39517,14775,31931,24999,21208,28727,24083,22038,19938,24799,43427,0
  White,30644,37341,27560,21211,19657,19104,9961,16192,8530,23207,23403,29294,321,16965,24217,5275,26871,55675,25604,22812,17300,13557,11732,8947,11434,26788,64981,17615,48680,34245,21065,17569,86073,25965,13277,15193,16989,30529,41789,45929,35697,30323,1604,3613,3517,2027,1343,1374,38416,7107,15150,8304,4433,8353,17165,1472,3040,8172,7204,4930,2721,8921,5755,7728,7481,3351,8114,9449,3780,10334,20362,13206,18560,6175,9528,4416,6624,5079,19245,8749,28035,9303,12288,11630,14616,3204,4821,9645,335,58725,28881,27453,32842,10529,31412,53510,30765,21230,39830,38296,21688,16623,105920,49831,67670,65963,54355,19771,6655,32699,12887,11417,24012,14033,19431,33998,28883,497,7530,54133,15186,38978,271,37620,8444,21413,24363,5623,52941,0,24301,36930,28707,56222,34634,22006,57207,16580,14525,11560,15764,25797,18478,8706,5440,8207,11678,22879,15289,6919,23221,18900,14591,13915,11360,25375,14456,14643,26017,10630,1741,537,1950,1744,6711,1304,1305,2373,847,10066,11701,13261,934,25774,9004,20938,21271,10999,14828,13944,12031,14609,14102,30084,11759,26271,20845,18707,27585,21611,20626,18696,22479,41349,0
  Black or African American,995,3041,472,3691,1577,9371,12631,16187,49081,38509,8509,23588,115,66143,13478,6354,5626,5889,3362,2215,1696,78166,6362,55386,27520,589,2296,838,1110,955,3109,207,973,603,11192,168,2565,55047,2848,4694,770,475,25957,46541,21999,49152,26566,52652,6155,72988,51768,8405,8590,15135,19140,5822,15054,6077,15054,16722,5968,28520,15231,12590,20535,9981,17871,12044,7824,10631,2369,13018,3099,13240,21610,15936,12562,6186,776,29430,6120,11870,11978,3555,3580,27258,46839,29934,495,1768,1171,1501,3191,2628,9394,5378,3920,1552,1320,2561,994,1249,17141,3229,4507,2985,910,29884,11138,9477,57495,29166,18592,25360,7988,7023,19352,864,4993,4791,3033,1514,70,1906,187,1462,3578,6331,3898,0,10011,1836,603,2519,619,447,2778,1041,3817,738,365,434,1560,813,479,7252,5409,3701,4218,926,5575,8264,1979,21643,1577,1412,907,871,1655,453,26752,24729,14803,46725,12331,27990,18113,24467,18803,32392,2093,1038,24144,2721,22676,24813,704,8473,10315,13289,4231,2375,5556,1882,1096,848,1363,480,168,1053,747,154,487,126,0
  American Indian and Alaska Native,83,304,381,338,99,192,217,378,581,590,296,1052,0,370,170,128,87,761,992,1117,245,590,131,577,149,94,593,114,715,188,333,156,77,180,344,0,181,619,197,317,103,181,235,428,77,203,189,267,80,350,258,424,216,602,503,14,346,199,392,624,296,618,284,744,427,356,591,425,217,623,120,475,220,416,356,336,663,266,16,360,467,441,282,227,128,308,567,131,19,274,86,207,261,422,1126,1401,486,190,185,359,145,116,1839,260,282,132,346,812,311,462,1332,569,296,1027,359,387,1676,16,345,445,648,361,10,550,92,405,773,128,1339,0,584,432,260,366,72,137,537,353,1111,245,29,165,288,339,311,433,521,215,350,101,528,910,101,2079,75,168,201,62,353,109,534,68,517,467,784,374,265,118,180,1311,269,290,71,126,458,265,71,107,471,331,17,66,332,144,32,58,229,124,110,147,62,25,47,182,0
  Asian,45,2776,1795,4080,2263,3534,2779,2468,2014,2402,3811,1797,15,1738,3766,341,2864,6137,9264,35692,2536,2793,1755,1897,614,17004,12760,9260,32513,24188,9290,789,13162,4744,3141,144,6592,9654,5415,10009,4785,8654,251,640,240,770,1187,1104,2670,2452,2396,280,425,329,657,267,146,702,484,484,167,850,195,1089,443,235,1317,2660,2093,4208,1859,2102,2241,1237,965,4054,3361,4224,1007,618,1247,1541,3433,3026,4718,557,1335,1907,89,7087,10147,7946,7171,30450,20203,9565,6306,5382,7374,7202,3261,3806,10853,7637,9791,7789,3813,1130,952,8843,2709,2269,6662,2397,1016,2517,3303,6,2534,10970,4467,5159,93,16199,14503,17646,4672,1441,27077,0,8000,39594,1104,5897,2859,3090,21816,9261,47551,6783,6023,5415,28625,16979,13670,8119,14701,9004,11423,9406,14326,21055,3569,22671,5116,814,12626,9514,16204,8934,2778,454,3360,1013,16480,1730,423,1299,505,11905,10816,7773,225,573,1082,1174,1937,3254,2820,1909,986,791,3048,6771,1679,4357,2530,1230,1081,1208,527,1199,1608,1826,0
  Native Hawaiian and Other Pacific Islander,29,104,138,0,49,39,6,62,27,60,14,53,0,358,9,30,7,99,18,117,0,253,16,6,23,30,215,7,0,26,21,10,3,14,28,0,17,115,60,127,21,0,31,15,73,90,33,39,250,58,98,35,40,54,59,17,46,0,69,64,105,11,14,0,123,36,57,71,25,0,22,70,91,0,202,16,8,11,0,1,9,147,18,76,25,5,109,31,0,50,70,0,76,129,32,71,4,16,82,15,11,0,47,44,70,238,30,47,0,33,327,104,87,141,111,148,192,0,0,68,96,54,0,7,27,218,72,75,192,0,269,9,39,106,0,11,148,47,0,0,0,0,143,0,24,29,38,0,35,73,35,152,45,467,17,0,222,13,6,40,467,23,102,154,132,40,0,21,0,384,7,52,199,0,36,151,0,0,0,8,0,0,34,17,0,91,4,0,0,0,0,0,0,11,0
  Some other race,1352,4022,1881,4485,817,4705,2711,2912,5430,6819,27335,17756,0,7702,6647,999,5616,7315,17286,10724,1527,6981,1354,4015,1826,1157,5046,1795,4286,2374,3331,941,6296,878,2773,51,1852,11706,1893,1115,1094,693,4123,5133,4313,1389,1292,1450,1554,3957,2398,11609,12669,15402,15682,2349,12951,11487,20440,16823,11728,26211,16246,18767,27369,13302,26054,29497,17928,17684,2725,23519,6988,17114,22627,7096,15633,13219,5685,6746,11760,11999,6584,12752,7830,6235,9446,4847,515,1326,1070,1563,1547,3714,15990,3311,3099,676,482,2167,584,597,5263,1236,1041,1818,333,8879,7646,5474,8240,5244,12176,19874,24086,29662,41764,136,3453,6886,3923,4090,4,6302,2100,5324,18048,10202,23645,0,12170,7590,1754,6812,1352,2332,4381,1063,4841,5382,1192,1128,3813,2085,1619,2274,8142,2017,3560,1332,19387,19495,3182,24865,5338,2091,524,841,2560,1026,6242,1277,2242,2004,17548,3773,532,409,163,5914,1905,1092,186,784,3143,4629,640,1732,3959,2996,2274,985,3296,1119,415,649,786,967,103,573,373,37,283,248,0
HISPANIC OR LATINO AND RACE ,,,,,,,,,,,,,,,,,,,,,,,,,,,,,,,,,,,,,,,,,,,,,,,,,,,,,,,,,,,,,,,,,,,,,,,,,,,,,,,,,,,,,,,,,,,,,,,,,,,,,,,,,,,,,,,,,,,,,,,,,,,,,,,,,,,,,,,,,,,,,,,,,,,,,,,,,,,,,,,,,,,,,,,,,,,,,,,,,,,,,,,,,,,,,,,,,,,
Total population,32828,46070,31522,33155,23498,35373,26982,36413,64331,70095,61817,71247,416,91956,47526,12822,39422,72864,54932,71460,22571,100130,20449,69397,41243,45216,83821,29311,86592,61066,36199,19541,106203,31584,30018,15472,27759,105094,51514,61584,41899,40001,31831,55412,29854,52657,29933,56277,48351,86160,70872,27562,25542,39020,52132,9741,30715,25783,41871,37872,20352,63504,37065,39680,53944,26336,52237,52591,30599,41217,26839,49715,29848,35325,53800,30376,35886,27483,26139,44304,46104,33728,33404,30098,30191,36676,61503,45805,1377,67185,40059,37506,43755,46550,74243,69299,42931,28228,48393,49515,26075,21864,135718,60205,81378,77676,58834,51527,23845,54326,78193,46694,59794,60465,50358,71085,89551,1483,18539,75149,26470,49001,438,60575,25088,45259,50295,23070,105188,0,54091,84904,31750,70166,39062,27677,84694,27500,69382,24199,22943,32331,51509,27943,20989,25067,38449,36683,33532,18177,59550,65199,22878,80046,22136,28769,28097,25619,45522,20684,36864,26959,21520,51098,50922,34293,19901,28201,20212,57549,25964,22427,25141,29543,35500,50294,24202,23858,30473,31214,19240,18310,25635,39517,14775,31931,24999,21208,28727,24083,22038,19938,24799,43427,0
  Hispanic or Latino (of any race),3779,17189,4725,10927,1747,8406,5101,5943,13632,13102,46357,42733,86,25812,29024,2696,8503,12688,34060,23746,3530,11610,2524,7020,3154,4210,13474,3553,12500,7363,5035,1679,11039,4135,7069,169,4263,20103,3273,4812,2881,2697,6143,10378,8720,3283,2970,2617,4154,7428,5578,20729,18343,26936,37563,3304,17094,15391,29037,23023,14588,36303,23380,27766,35847,18064,35935,35907,20962,23125,4941,31698,10811,23944,33128,10749,23070,16952,8201,12529,18254,16914,9570,16390,11035,9050,13502,7130,789,3908,2188,3623,5195,5918,28817,10649,8669,2009,2903,5024,1682,1311,20255,6563,5788,7105,2938,25515,13312,12360,17786,8793,26328,31253,37889,46510,64553,454,8128,21277,8356,10978,65,21198,6538,15533,43197,14746,57031,0,32553,38195,11172,35863,6567,7146,10414,4667,10939,8781,2142,4701,7766,4318,3072,3830,9880,4584,6700,2394,31359,22785,6404,17681,9258,6010,2117,2812,6086,2745,6240,1952,2627,3181,18959,3751,1590,1678,1026,10801,3880,2024,937,3759,9127,12627,2872,6357,11744,8653,5946,4822,7541,5772,1763,2935,3465,3054,2393,2969,2686,1450,2848,3169,0
    Mexican,637,1679,954,1001,269,359,921,1145,1266,999,12291,5150,0,1687,2044,15,754,2678,12435,7727,576,1274,231,617,93,509,3105,754,4718,1521,2449,757,4304,1978,819,12,634,7412,820,350,1131,806,159,572,462,162,868,369,312,283,1056,2320,1702,3652,5828,341,703,3362,1659,879,991,3358,453,5017,2062,2022,3274,4605,1132,4122,267,2491,819,3075,709,238,4166,2323,221,150,428,2966,412,1438,1527,406,1225,320,123,848,543,313,714,296,923,1282,1314,186,408,684,337,209,2116,495,591,1012,493,3392,1411,1137,1366,404,3867,6682,2143,2314,7108,18,1338,4401,2581,1623,0,3097,1857,4083,15840,2854,9608,0,7835,10683,536,4202,292,668,537,187,615,557,42,104,409,367,36,63,744,95,357,84,2479,2156,521,1779,418,34,115,347,155,85,503,0,222,279,873,116,67,17,181,551,103,40,50,162,504,192,182,480,2397,2294,2639,1184,1682,765,193,350,644,597,184,711,51,1,72,366,0
    Puerto Rican,2053,6739,1363,5372,531,5165,2627,2101,6473,6037,11576,17054,66,11441,9485,1698,4996,5331,9697,7000,1118,4043,674,2034,701,1416,5780,1222,2592,1651,1172,471,2503,586,4422,13,2657,4382,1031,2215,533,789,3794,5088,3291,1216,442,876,1804,3661,2154,10171,7787,10955,17184,2094,8330,5771,13710,9709,5278,11346,6902,6804,9443,6792,9587,12129,5610,9380,2099,10665,3104,9685,20979,6943,9599,10039,5599,8974,12353,8297,5414,8083,4320,5652,6982,3429,349,621,356,1040,2119,2598,20129,4359,2848,572,591,1512,638,554,7403,2798,1454,2752,653,2653,1851,3515,5052,3120,14682,14618,4862,4561,5108,250,2453,4593,1481,1911,45,3184,479,2085,878,726,4216,0,2225,1470,5409,14010,2072,1581,3028,903,2041,1093,745,1092,1029,608,433,603,1631,1183,2560,500,8634,5438,1385,3888,2462,2817,716,592,1020,648,1776,1104,852,1043,2073,1376,889,654,222,2706,1556,457,567,1643,3479,2013,1803,2942,6305,4344,1899,2078,3581,2803,904,1548,1515,1416,1643,930,1469,914,1949,1383,0
    Cuban,0,255,147,148,99,169,102,197,130,286,102,285,0,293,126,121,252,454,304,264,351,155,223,49,63,138,483,63,346,127,56,6,116,17,133,63,21,367,57,250,45,98,79,64,52,107,103,77,83,95,143,246,86,88,284,26,268,270,183,365,62,169,136,46,352,69,152,236,267,156,206,443,470,256,387,72,123,292,279,137,149,185,163,444,236,87,390,115,18,415,112,122,159,121,79,563,443,149,175,322,70,0,1255,314,285,173,230,470,105,471,494,256,224,346,625,1258,1197,28,16,701,122,392,0,729,47,510,93,97,1253,0,238,862,107,397,96,60,543,256,183,142,144,545,200,27,115,319,276,235,125,72,417,118,110,131,89,124,33,109,442,68,159,41,215,84,168,63,35,0,60,183,62,236,37,80,307,135,33,42,116,148,52,42,75,214,59,44,98,212,34,158,339,67,75,72,0
    Other Hispanic or Latino,1089,8516,2261,4406,848,2713,1451,2500,5763,5780,22388,20244,20,12391,17369,862,2501,4225,11624,8755,1485,6138,1396,4320,2297,2147,4106,1514,4844,4064,1358,445,4116,1554,1695,81,951,7942,1365,1997,1172,1004,2111,4654,4915,1798,1557,1295,1955,3389,2225,7992,8768,12241,14267,843,7793,5988,13485,12070,8257,21430,15889,15899,23990,9181,22922,18937,13953,9467,2369,18099,6418,10928,11053,3496,9182,4298,2102,3268,5324,5466,3581,6425,4952,2905,4905,3266,299,2024,1177,2148,2203,2903,7686,4445,4064,1102,1729,2506,637,548,9481,2956,3458,3168,1562,19000,9945,7237,10874,5013,7555,9607,30259,38377,51140,158,4321,11582,4172,7052,20,14188,4155,8855,26386,11069,41954,0,22255,25180,5120,17254,4107,4837,6306,3321,8100,6989,1211,2960,6128,3316,2488,2845,7229,3071,3658,1738,19829,15073,4388,11883,6289,3035,1253,1764,4469,1944,3802,807,1338,1775,15845,2196,599,1007,563,7361,2159,1291,283,1874,4837,10287,854,2893,2926,1867,1356,1518,2203,1990,607,993,1208,829,532,1170,827,468,752,1348,0
  Not Hispanic or Latino,29049,28881,26797,22228,21751,26967,21881,30470,50699,56993,15460,28514,330,66144,18502,10126,30919,60176,20872,47714,19041,88520,17925,62377,38089,41006,70347,25758,74092,53703,31164,17862,95164,27449,22949,15303,23496,84991,48241,56772,39018,37304,25688,45034,21134,49374,26963,53660,44197,78732,65294,6833,7199,12084,14569,6437,13621,10392,12834,14849,5764,27201,13685,11914,18097,8272,16302,16684,9637,18092,21898,18017,19037,11381,20672,19627,12816,10531,17938,31775,27850,16814,23834,13708,19156,27626,48001,38675,588,63277,37871,33883,38560,40632,45426,58650,34262,26219,45490,44491,24393,20553,115463,53642,75590,70571,55896,26012,10533,41966,60407,37901,33466,29212,12469,24575,24998,1029,10411,53872,18114,38023,373,39377,18550,29726,7098,8324,48157,0,21538,46709,20578,34303,32495,20531,74280,22833,58443,15418,20801,27630,43743,23625,17917,21237,28569,32099,26832,15783,28191,42414,16474,62365,12878,22759,25980,22807,39436,17939,30624,25007,18893,47917,31963,30542,18311,26523,19186,46748,22084,20403,24204,25784,26373,37667,21330,17501,18729,22561,13294,13488,18094,33745,13012,28996,21534,18154,26334,21114,19352,18488,21951,40258,0
    White alone,28047,24367,24067,14984,17981,15280,7182,12971,2990,18280,5964,6580,240,1536,2697,3753,23142,48292,9709,10086,14897,10818,10219,7121,10740,23678,55886,15697,40618,28799,18548,16735,81194,22066,9493,14963,14610,22750,39924,42081,33486,28071,588,384,438,1077,303,675,35341,4753,12363,311,401,890,900,651,270,4876,916,401,247,1140,237,886,878,403,683,3981,850,5079,17965,5564,14519,696,688,1118,597,1542,16180,3857,21610,5023,9267,7659,11275,957,1455,7496,110,54147,26345,24524,28595,7385,17709,44507,24858,19251,36720,34525,20151,15347,92083,43803,61401,59737,50878,6517,2097,26036,5941,8324,11085,5087,6909,18415,9699,245,3347,38555,10564,31579,210,21650,3926,10897,664,752,17518,0,5124,5597,18971,27067,29230,17035,49570,12349,6613,7841,14619,22016,13982,5951,3561,6002,8122,19456,11381,5475,9744,6721,10877,5217,6390,21132,12563,12649,21375,8715,238,371,721,697,1410,199,384,1172,318,3227,9217,11464,406,22907,4874,13417,18567,6188,7074,8855,8117,10585,9994,25269,10562,23711,17908,16489,25068,18965,18091,17137,19872,38133,0
    Black or African American alone,773,1360,257,2917,1250,7718,11270,14322,44911,35525,5281,19319,75,61492,11362,5800,4551,4608,1682,1330,1317,73661,5587,52372,26172,225,1108,579,550,510,2770,139,612,376,10181,168,2145,50730,2573,4238,484,402,24270,43322,20149,46837,25240,51194,5585,70825,49697,5919,6062,10507,13064,5484,12932,4675,11252,13480,5037,24376,12997,9464,16243,7468,13829,9408,6242,8046,1855,9954,1966,8642,18304,14010,8066,4076,485,26996,3918,9781,10804,2754,2753,25725,44076,28752,389,1133,854,1107,2456,1837,6596,3589,2560,1180,1030,2137,699,1076,11307,1981,3559,2329,769,17246,6911,6349,49878,26420,15029,21066,3884,3330,10853,747,4179,3511,2500,951,60,1096,135,778,1801,5910,2077,0,8078,953,282,1157,372,244,2165,683,2671,546,147,168,764,426,319,6456,4459,3081,3588,688,3522,6072,1690,18785,1208,430,463,678,1112,164,24897,24061,13468,45052,10344,26638,17185,23768,18163,28682,1605,663,23042,2104,19606,21936,420,7709,8389,11426,3743,1802,4825,1489,728,811,1012,390,96,711,539,111,400,64,0
    American Indian and Alaska Native alone,0,64,149,31,33,58,5,29,91,150,16,196,0,121,79,0,12,313,80,417,97,101,15,104,76,21,190,43,77,14,93,99,6,67,12,0,21,221,24,16,55,42,104,71,66,29,1,178,0,75,114,34,15,209,34,0,152,66,8,58,14,291,105,78,11,27,50,1,11,111,0,59,62,118,28,55,212,31,0,76,179,71,64,11,0,83,301,82,0,79,0,28,13,232,94,299,0,57,105,15,42,13,208,20,0,0,102,64,0,22,182,17,2,23,29,34,101,0,25,25,321,48,0,102,34,123,25,0,251,0,0,134,86,72,0,20,139,53,669,116,7,29,97,143,189,191,28,40,33,18,106,503,6,551,22,0,9,0,190,23,248,12,69,50,221,132,1,35,112,96,144,115,15,8,0,100,31,18,36,2,0,6,33,134,0,6,45,0,0,27,0,0,0,106,0
    Asian alone,30,2012,1577,3917,1671,3016,2274,1900,1880,1859,3645,1573,0,1610,3449,319,2348,4664,8589,35072,2208,2114,1426,1419,577,16722,11586,9189,32127,23580,8825,761,12978,4171,3097,110,6585,8785,5074,9815,4336,8463,167,633,231,516,863,965,2287,2318,1905,130,299,185,447,202,29,559,337,226,129,623,158,928,294,171,1128,2516,1999,3570,1578,1686,1866,937,883,3746,2567,3992,905,521,1091,1401,3098,2606,4496,372,989,1546,89,5766,9310,7120,6341,30032,19151,8210,5841,4905,6884,6827,2849,3593,8638,6364,8720,7034,3150,789,839,7783,2082,1809,5932,2190,652,2032,2445,6,2454,10109,4203,4471,93,15301,14270,16914,4361,1282,25345,0,7750,38892,938,5442,2637,2994,20625,8787,46310,6486,5742,4983,27903,16334,13347,7569,13743,8467,10788,9127,13171,19447,3417,19624,4680,572,12198,9383,15390,8605,2320,454,2766,760,15383,1531,295,1113,423,10520,10009,7181,97,453,966,943,1771,3169,2409,1526,923,723,2780,6586,1594,4206,2187,1123,942,1044,463,1105,1558,1664,0
    Native Hawaiian and Other Pacific Islander alone,0,88,0,0,0,0,0,0,0,0,0,0,0,276,0,0,0,0,0,44,0,47,0,0,0,21,88,0,0,18,0,0,0,0,21,0,0,28,0,112,0,0,21,15,10,0,0,0,231,0,0,0,21,0,0,0,0,0,0,0,0,0,0,0,48,0,0,16,0,0,0,0,0,0,0,0,0,0,0,0,0,0,0,7,0,0,30,0,0,0,19,0,30,0,0,0,0,16,0,0,11,0,0,10,32,207,0,0,0,0,224,0,9,26,18,0,0,0,0,32,34,0,0,0,0,133,0,46,0,0,269,0,9,0,0,11,0,0,0,0,0,0,0,0,24,0,0,0,0,15,23,0,0,145,0,0,58,8,6,40,24,23,102,154,0,0,0,0,0,75,0,0,0,0,0,0,0,0,0,0,0,0,0,0,0,0,0,0,0,0,0,0,0,0,0
    Some other race alone,15,127,186,123,23,115,124,160,227,287,235,239,0,660,547,0,31,196,234,104,55,288,157,371,237,12,125,76,86,111,169,21,143,0,6,0,0,949,79,45,116,47,242,165,159,152,24,168,206,303,307,112,222,191,29,8,89,119,104,136,289,383,106,208,127,0,354,503,268,716,79,394,102,663,317,158,566,595,239,100,626,184,236,238,298,164,541,378,0,402,239,111,49,382,514,125,281,152,96,239,157,120,389,76,145,229,82,49,183,70,370,363,483,122,180,211,526,0,174,545,60,168,0,236,64,136,86,153,1227,0,78,265,43,120,2,8,292,235,276,63,13,81,146,85,64,258,888,132,69,94,499,7438,292,13726,247,44,105,30,450,50,1685,0,860,413,2799,1436,16,68,4,1367,429,250,98,17,329,396,253,126,79,53,346,146,37,90,0,50,0,0,0,2,20,0,41,0,0
    Two or more races,184,863,561,256,793,780,1026,1088,600,892,319,607,15,449,368,254,835,2103,578,661,467,1491,521,990,287,327,1364,174,634,671,759,107,231,769,139,62,135,1528,567,465,541,279,296,444,81,763,532,480,547,458,908,327,179,102,95,92,149,97,217,548,48,388,82,350,496,203,258,259,267,570,421,360,522,325,452,540,808,295,129,225,426,354,365,433,334,325,609,421,0,1750,1104,993,1076,764,1362,1920,722,658,655,748,484,404,2838,1388,1733,1035,915,1347,503,1706,1730,968,926,698,797,553,1374,31,232,1095,432,806,10,992,121,745,161,181,1739,0,239,868,249,445,254,219,1489,726,1904,366,273,353,851,686,413,761,1329,923,973,366,1126,2233,192,4317,331,581,584,59,913,342,1212,86,907,791,1806,606,430,367,166,2781,680,730,546,295,598,875,288,291,742,699,165,226,425,177,128,212,382,152,228,365,239,135,80,291,0
      Two races including Some other race,22,11,46,28,31,57,66,106,19,61,37,117,0,31,145,118,38,113,25,93,6,195,12,45,17,34,47,46,135,49,55,0,22,162,27,28,9,212,50,88,17,36,36,120,39,224,70,125,208,82,202,6,21,40,0,42,0,30,17,50,24,63,15,13,239,19,77,34,93,35,127,2,22,70,66,163,280,186,0,89,162,84,0,52,40,5,42,253,0,103,57,60,98,0,160,70,95,56,61,69,0,0,172,81,99,89,42,60,0,107,19,12,153,68,15,80,141,0,28,258,74,50,0,65,0,79,108,27,579,0,58,138,72,48,0,95,319,36,574,16,176,0,59,163,108,256,458,129,30,54,242,1276,15,2279,54,296,18,30,39,28,609,0,231,126,1133,154,8,61,4,759,182,239,41,13,36,228,9,21,113,28,30,0,23,0,0,0,6,0,0,94,32,16,0,29,0
"      Two races excluding Some other race, and Three or more races",162,852,515,228,762,723,960,982,581,831,282,490,15,418,223,136,797,1990,553,568,461,1296,509,945,270,293,1317,128,499,622,704,107,209,607,112,34,126,1316,517,377,524,243,260,324,42,539,462,355,339,376,706,321,158,62,95,50,149,67,200,498,24,325,67,337,257,184,181,225,174,535,294,358,500,255,386,377,528,109,129,136,264,270,365,381,294,320,567,168,0,1647,1047,933,978,764,1202,1850,627,602,594,679,484,404,2666,1307,1634,946,873,1287,503,1599,1711,956,773,630,782,473,1233,31,204,837,358,756,10,927,121,666,53,154,1160,0,181,730,177,397,254,124,1170,690,1330,350,97,353,792,523,305,505,871,794,943,312,884,957,177,2038,277,285,566,29,874,314,603,86,676,665,673,452,422,306,162,2022,498,491,505,282,562,647,279,270,629,671,135,226,402,177,128,212,376,152,228,271,207,119,80,262,0
TOTAL HOUSING UNITS,8939,20944,17302,15814,12735,17033,13108,17006,28484,28254,20718,27577,181,34953,15892,6466,19399,33650,18372,21906,10030,46002,10271,28089,15630,16052,37125,11640,31897,23270,12560,7199,30704,15273,12177,8564,11490,40161,19756,27414,16879,15876,13695,22293,10604,19507,11576,22301,17523,29800,24682,9513,9074,13842,19111,0,10526,9324,15495,13782,7425,22977,13474,13596,19551,8902,17952,19607,11640,15163,12361,18532,14184,12868,19896,13434,12392,9804,12045,19126,17970,14336,10295,10527,12094,12392,22375,16294,541,42753,22289,22827,24527,20077,32183,44737,29994,21396,36964,30756,17277,10891,75158,39628,52158,48567,37543,20727,8810,21908,37771,21560,24934,24283,19124,27031,30936,10,7678,36902,12071,22399,173,28710,8954,17344,12554,6954,39188,0,17398,29251,12546,25836,16003,11809,41717,12986,27764,8405,10863,12339,18976,9406,6792,9932,14401,14374,12383,6946,18764,18828,10993,23370,7474,11673,11701,10072,16964,7562,13399,10512,6843,16666,16704,11643,6040,8177,6598,16826,8908,9944,8501,13785,13838,17883,9674,8567,11198,13757,7064,7011,10192,14282,6115,11739,9275,8398,10352,8244,8733,7225,9188,15716,0
